,id1,left_preview,id2,right_preview,matchness,score,embedding_similarity,key_overlap_score,rarity_score,bin,bin_reason,source_blockers_display,corner,label
0,left_105397,player_name: Guilherme | positions_position: D/WB/M (L) | left_right_foot: Left,right_055657,player_name: guilherme | positions_position: DC | left_right_foot: right,0.812894376,0.579012346,,1,0.022222222,EASY_POS,EASY_POS,StandardBlocker,FALSE,0
1,left_080545,player_name: Oleksiy Kovtun | positions_position: D (C) | left_right_foot: Right,right_031455,player_name: oleksiy kovtun | positions_position: DC | left_right_foot: right,0.974560419,0.942760943,,1,0.5,EASY_POS,EASY_POS,StandardBlocker,TRUE,1
2,left_079235,player_name: Leonardo Stanzani | positions_position: AM (RC) | left_right_foot: Right,right_031082,player_name: leonardo stanzani | positions_position: ST | left_right_foot: left,0.93191171,0.846801347,,1,0.5,EASY_POS,EASY_POS,StandardBlocker,TRUE,1
3,left_133782,player_name: Lachlan Wales | positions_position: M/AM (RL) | left_right_foot: Right,right_040380,player_name: lachlan wales | positions_position: AMR | left_right_foot: right,0.910046972,0.797605686,,1,0.5,EASY_POS,EASY_POS,StandardBlocker,TRUE,0
4,left_170194,player_name: Emre Demir | positions_position: M/AM (C) | left_right_foot: Left,right_051175,player_name: emre demir | positions_position: AMC | left_right_foot: left,0.968824043,0.929854097,,1,0.25,EASY_POS,EASY_POS,StandardBlocker,TRUE,1
5,left_013886,"player_name: Daniel Aguilar | positions_position: DM, M (C) | left_right_foot: Right",right_056446,player_name: daniel aguilar | positions_position: MC | left_right_foot: left,0.932077981,0.847175458,,1,0.5,EASY_POS,EASY_POS,StandardBlocker,TRUE,0
6,left_041776,player_name: Miguel | positions_position: D (C) | left_right_foot: Right,right_068817,player_name: miguel | positions_position: DM | left_right_foot: right,0.912487841,0.803097643,,1,0.090909091,EASY_POS,EASY_POS,StandardBlocker,TRUE,0
7,left_135530,"player_name: Rafinha | positions_position: DM, M (C) | left_right_foot: Right",right_013392,player_name: rafinha | positions_position: AMR | left_right_foot: right,0.913429771,0.805216985,,1,0.026315789,EASY_POS,EASY_POS,StandardBlocker,FALSE,0
8,left_152262,"player_name: James McClean | positions_position: D/WB (L), M/AM (RL) | left_right_foot: Left",right_067428,player_name: james mcclean | positions_position: ML | left_right_foot: left,0.911000847,0.799751905,,1,0.5,EASY_POS,EASY_POS,StandardBlocker,FALSE,0
9,left_152222,"player_name: Kieran Dowell | positions_position: M (C), AM (RLC) | left_right_foot: Left",right_018324,player_name: kieran dowell | positions_position: AMC | left_right_foot: left,0.950617284,0.888888889,,1,0.5,EASY_POS,EASY_POS,StandardBlocker,TRUE,0
10,left_173126,player_name: Rafael Fernandes | positions_position: D (C) | left_right_foot: Right,right_059699,player_name: rafael fernandes | positions_position: DC | left_right_foot: right,0.974560419,0.942760943,,1,0.5,EASY_POS,EASY_POS,StandardBlocker,TRUE,1
11,left_187413,player_name: Alex | positions_position: D (C) | left_right_foot: Right,right_019667,player_name: alex | positions_position: AMC | left_right_foot: left,0.830053623,0.617620651,,1,0.05,EASY_POS,EASY_POS,StandardBlocker,FALSE,0
12,left_003680,player_name: Felipe Camargo | positions_position: D (LC) | left_right_foot: Left,right_052658,player_name: felipe camargo | positions_position: DC | left_right_foot: left,0.948622023,0.884399551,,1,0.5,EASY_POS,EASY_POS,StandardBlocker,TRUE,1
13,left_047150,"player_name: Milan Hokke | positions_position: D (C), DM, M (C) | left_right_foot: Left",right_049630,player_name: milan hokke | positions_position: DC | left_right_foot: left,0.920875421,0.821969697,,1,0.5,EASY_POS,EASY_POS,StandardBlocker,TRUE,0
14,left_014607,player_name: Isaac | positions_position: DM | left_right_foot: Right,right_003738,player_name: isaac | positions_position: AML | left_right_foot: right,0.935014341,0.853782267,,1,0.111111111,EASY_POS,EASY_POS,StandardBlocker,FALSE,0
15,left_041436,player_name: Gabriel | positions_position: GK | left_right_foot: Right,right_034197,player_name: gabriel | positions_position: DC | left_right_foot: left,0.836857464,0.632929293,,1,0.022727273,EASY_POS,EASY_POS,StandardBlocker,FALSE,0
16,left_041443,player_name: Franklin | positions_position: M/AM (C) | left_right_foot: Either,right_051887,player_name: franklin | positions_position: DC | left_right_foot: right,0.889609677,0.751621773,,1,0.333333333,EASY_POS,EASY_POS,StandardBlocker,FALSE,0
17,left_131157,player_name: Igor Rossi | positions_position: D (LC) | left_right_foot: Left,right_006011,player_name: igor rossi | positions_position: DC | left_right_foot: left,0.972565158,0.938271605,,1,0.5,EASY_POS,EASY_POS,StandardBlocker,TRUE,1
18,left_002851,"player_name: Owen Wolff | positions_position: DM, M (C) | left_right_foot: Right",right_057124,player_name: owen wolff | positions_position: MC,0.910379515,0.798353909,,1,0.5,EASY_POS,EASY_POS,StandardBlocker,TRUE,0
19,left_087117,player_name: Diego Brasili | positions_position: ST (C) | left_right_foot: Right,right_066173,player_name: diego brasili | positions_position: ST | left_right_foot: right,0.851353037,0.665544332,,1,0.5,EASY_POS,EASY_POS,StandardBlocker,TRUE,1
20,left_088739,player_name: Francesco Russo | positions_position: D/WB/M/AM (L) | left_right_foot: Right,right_007635,player_name: francesco russo | positions_position: AML | left_right_foot: right,0.822375704,0.600345334,,1,0.125,EASY_POS,EASY_POS,StandardBlocker,TRUE,0
21,left_045598,player_name: Eduardo | positions_position: D (C) | left_right_foot: Right,right_043607,player_name: eduardo | positions_position: DR | left_right_foot: right,0.879506173,0.728888889,,1,0.03125,EASY_POS,EASY_POS,StandardBlocker,TRUE,0
22,left_044568,player_name: Sebastian Mielitz | positions_position: GK | left_right_foot: Right,right_034688,player_name: sebastian mielitz | positions_position: GK | left_right_foot: right,0.994014216,0.986531987,,1,0.5,EASY_POS,EASY_POS,StandardBlocker,TRUE,1
23,left_041963,"player_name: Neto | positions_position: DM, M (C) | left_right_foot: Right",right_039625,player_name: neto | positions_position: AMC | left_right_foot: right,0.89483643,0.763381968,,1,0.045454545,EASY_POS,EASY_POS,StandardBlocker,TRUE,0
24,left_155602,player_name: Lewis Freestone | positions_position: D (LC) | left_right_foot: Left,right_039313,player_name: lewis freestone | positions_position: DC | left_right_foot: left,0.948622023,0.884399551,,1,0.5,EASY_POS,EASY_POS,StandardBlocker,TRUE,1
25,left_108960,player_name: Halil Yeral | positions_position: GK | left_right_foot: Right,right_041170,player_name: halil yeral | positions_position: GK | left_right_foot: right,0.994014216,0.986531987,,1,0.5,EASY_POS,EASY_POS,StandardBlocker,TRUE,1
26,left_170993,player_name: Bobby Duncan | positions_position: ST (C) | left_right_foot: Left,right_033260,player_name: bobby duncan | positions_position: ST | left_right_foot: left,0.984536725,0.965207632,,1,0.5,EASY_POS,EASY_POS,StandardBlocker,TRUE,1
27,left_093875,"player_name: Mattia Damiani | positions_position: DM, M (C) | left_right_foot: Right",right_053829,player_name: mattia damiani | positions_position: DM | left_right_foot: right,0.960759862,0.911709689,,1,0.5,EASY_POS,EASY_POS,StandardBlocker,TRUE,0
28,left_129938,player_name: Bruno Mendes | positions_position: ST (C) | left_right_foot: Right,right_013855,player_name: bruno mendes | positions_position: DC,0.812944257,0.579124579,,1,0.333333333,EASY_POS,EASY_POS,StandardBlocker,FALSE,0
29,left_041485,player_name: Jean Carlos | positions_position: GK | left_right_foot: Right,right_003948,player_name: jean carlos | positions_position: AMC | left_right_foot: left,0.769397681,0.481144781,,1,0.1,EASY_POS,EASY_POS,StandardBlocker,TRUE,0
30,left_173306,"player_name: Emmanuel Iroanya | positions_position: D (RC), WB (R), DM | left_right_foot: Right",right_035261,player_name: emmanuel iroanya | positions_position: DC | left_right_foot: right,0.982042649,0.95959596,,1,0.5,EASY_POS,EASY_POS,StandardBlocker,TRUE,0
31,left_078843,"player_name: Simone Lo Faso | positions_position: AM (LC), ST (C) | left_right_foot: Right",right_022927,player_name: simone lo faso | positions_position: ST | left_right_foot: both,0.93191171,0.846801347,,1,0.5,EASY_POS,EASY_POS,StandardBlocker,TRUE,1
32,left_182070,player_name: Max Bonalair | positions_position: D (C) | left_right_foot: Left,right_004143,player_name: max bonalair | positions_position: DC | left_right_foot: left,0.949120838,0.885521886,,1,0.5,EASY_POS,EASY_POS,StandardBlocker,TRUE,0
33,left_169593,player_name: Paulinho | positions_position: D/WB (R) | left_right_foot: Right,right_013839,player_name: paulinho | positions_position: AMR | left_right_foot: both,0.877171717,0.723636364,,1,0.015873016,EASY_POS,EASY_POS,StandardBlocker,FALSE,0
34,left_040375,"player_name: Dudu | positions_position: DM, M (C) | left_right_foot: Right",right_037149,player_name: dudu | positions_position: DR | left_right_foot: right,0.824633163,0.605424617,,1,0.027027027,EASY_POS,EASY_POS,StandardBlocker,TRUE,0
35,left_012953,"player_name: Anderson | positions_position: AM (RL), ST (C) | left_right_foot: Right",right_040101,player_name: anderson | positions_position: DR | left_right_foot: right,0.918681881,0.817034231,,1,0.037037037,EASY_POS,EASY_POS,StandardBlocker,TRUE,0
36,left_168306,player_name: Matz Sels | positions_position: GK | left_right_foot: Right,right_005395,player_name: matz sels | positions_position: GK | left_right_foot: right,0.934156379,0.851851852,,1,0.5,EASY_POS,EASY_POS,StandardBlocker,TRUE,1
37,left_169165,"player_name: Thomas Mangani | positions_position: DM, M (C) | left_right_foot: Left",right_011577,player_name: thomas mangani | positions_position: MC | left_right_foot: left,0.971733799,0.936401048,,1,0.5,EASY_POS,EASY_POS,StandardBlocker,TRUE,1
38,left_010604,player_name: Marlon | positions_position: AM (RL) | left_right_foot: Right,right_044496,player_name: marlon | positions_position: AML | left_right_foot: left,0.899055458,0.77287478,,1,0.037037037,EASY_POS,EASY_POS,StandardBlocker,TRUE,0
39,left_176277,"player_name: Javi Marcos | positions_position: D (C), DM | left_right_foot: Right",right_041123,player_name: javi marcos | positions_position: DC,0.918234194,0.816026936,,1,0.5,EASY_POS,EASY_POS,StandardBlocker,TRUE,1
40,left_074876,"player_name: Jani Atanasov | positions_position: DM, M/AM (C) | left_right_foot: Right",right_030312,player_name: jani atanasov | positions_position: DM | left_right_foot: right,0.98403791,0.964085297,,1,0.5,EASY_POS,EASY_POS,StandardBlocker,TRUE,1
41,left_034531,player_name: Romarinho | positions_position: D/WB/AM (L) | left_right_foot: Left,right_060608,player_name: romarinho | positions_position: AMC | left_right_foot: left,0.900583614,0.776313131,,1,0.066666667,EASY_POS,EASY_POS,StandardBlocker,TRUE,0
42,left_093423,"player_name: Giacomo Ruggeri | positions_position: D (LC), WB (L) | left_right_foot: Right",right_053510,player_name: giacomo ruggeri | positions_position: DL | left_right_foot: left,0.941317941,0.867965368,,1,0.5,EASY_POS,EASY_POS,StandardBlocker,TRUE,0
43,left_007802,player_name: Luan | positions_position: ST (C) | left_right_foot: Right,right_059377,player_name: luan | positions_position: DM | left_right_foot: right,0.801271979,0.552861953,,1,0.03030303,EASY_POS,EASY_POS,StandardBlocker,TRUE,0
44,left_176020,"player_name: Marcelo | positions_position: D (RL), WB (R) | left_right_foot: Right",right_038170,player_name: marcelo | positions_position: DL | left_right_foot: left,0.870436285,0.708481642,,1,0.04,EASY_POS,EASY_POS,StandardBlocker,TRUE,0
45,left_075255,player_name: Lorenzo Gonnelli | positions_position: D (C) | left_right_foot: Right,right_010712,player_name: lorenzo gonnelli | positions_position: DC | left_right_foot: right,0.950617284,0.888888889,,1,0.5,EASY_POS,EASY_POS,StandardBlocker,TRUE,1
46,left_044547,"player_name: Malte Karbstein | positions_position: D (LC), DM | left_right_foot: Left",right_025938,player_name: malte karbstein | positions_position: DC | left_right_foot: left,0.98174336,0.958922559,,1,0.5,EASY_POS,EASY_POS,StandardBlocker,TRUE,1
47,left_040805,player_name: Danielzinho | positions_position: AM (RL) | left_right_foot: Right,right_027015,player_name: danielzinho | positions_position: MC | left_right_foot: right,0.82266403,0.600994068,,1,0.125,EASY_POS,EASY_POS,StandardBlocker,TRUE,0
48,left_109762,"player_name: Vetle Dragsnes | positions_position: D (LC), WB (L) | left_right_foot: Left",right_025358,player_name: vetle dragsnes | positions_position: DL | left_right_foot: left,0.980973759,0.957190957,,1,0.5,EASY_POS,EASY_POS,StandardBlocker,TRUE,1
49,left_158891,"player_name: Danny Woodards | positions_position: D (RLC), WB (RL) | left_right_foot: Right",right_039764,player_name: danny woodards | positions_position: DR,0.919378975,0.818602694,,1,0.5,EASY_POS,EASY_POS,StandardBlocker,TRUE,0
50,left_014151,"player_name: Pedrinho | positions_position: M (L), AM (RL), ST (C) | left_right_foot: Left",right_040731,player_name: pedrinho | positions_position: AMC | left_right_foot: left,0.825178837,0.606652382,,1,0.028571429,EASY_POS,EASY_POS,StandardBlocker,FALSE,0
51,left_105855,"player_name: Rayane Aabid | positions_position: DM, M (C) | left_right_foot: Right",right_036738,player_name: rayane aabid | positions_position: MC | left_right_foot: right,0.973230245,0.939768051,,1,0.5,EASY_POS,EASY_POS,StandardBlocker,TRUE,1
52,left_034050,player_name: Luis Guilherme | positions_position: ST (C) | left_right_foot: Right,right_069106,player_name: luis guilherme | positions_position: AMR | left_right_foot: left,0.769397681,0.481144781,,1,0.333333333,EASY_POS,EASY_POS,StandardBlocker,FALSE,0
53,left_030656,player_name: Pedro Silva | positions_position: AM (RL) | left_right_foot: Left,right_022318,player_name: pedro silva | positions_position: DR | left_right_foot: right,0.836857464,0.632929293,,1,0.083333333,EASY_POS,EASY_POS,StandardBlocker,FALSE,0
54,left_173252,player_name: Miguel | positions_position: GK | left_right_foot: Right,right_068817,player_name: miguel | positions_position: DM | left_right_foot: right,0.801271979,0.552861953,,1,0.090909091,EASY_POS,EASY_POS,StandardBlocker,FALSE,0
55,left_175599,player_name: Mamadou Camara | positions_position: D (C) | left_right_foot: Right,right_063721,player_name: mamadou camara | positions_position: MC | left_right_foot: left,0.783314628,0.512457912,,1,0.125,EASY_POS,EASY_POS,StandardBlocker,FALSE,0
56,left_140029,player_name: Scott Morris | positions_position: GK | left_right_foot: Right,right_059182,player_name: scott morris | positions_position: GK,0.820426487,0.595959596,,1,0.5,EASY_POS,EASY_POS,StandardBlocker,TRUE,1
57,left_028088,player_name: China | positions_position: D/WB (L) | left_right_foot: Left,right_025509,player_name: china | positions_position: DR,0.761720913,0.463872054,,1,0.166666667,EASY_POS,EASY_POS,StandardBlocker,TRUE,0
58,left_097743,player_name: Danylo Krevsun | positions_position: M/AM (RL) | left_right_foot: Right,right_062554,player_name: danylo krevsun | positions_position: AMC | left_right_foot: right,0.969904809,0.932285821,,1,0.5,EASY_POS,EASY_POS,StandardBlocker,TRUE,1
59,left_041484,player_name: Wesley | positions_position: ST (C) | left_right_foot: Either,right_042491,player_name: wesley | positions_position: MC | left_right_foot: right,0.803466766,0.557800224,,1,0.034482759,EASY_POS,EASY_POS,StandardBlocker,TRUE,0
60,left_040921,player_name: Wendel | positions_position: M (C) | left_right_foot: Either,right_049225,player_name: wendel | positions_position: ST | left_right_foot: right,0.824716299,0.605611672,,1,0.071428571,EASY_POS,EASY_POS,StandardBlocker,TRUE,0
61,left_159591,player_name: Archie Matthews | positions_position: GK | left_right_foot: Right,right_055935,player_name: archie matthews | positions_position: GK | left_right_foot: right,0.994014216,0.986531987,,1,0.5,EASY_POS,EASY_POS,StandardBlocker,TRUE,1
62,left_130054,player_name: Mitch Nichols | positions_position: M/AM (C) | left_right_foot: Right,right_040795,player_name: mitch nichols | positions_position: AMC | left_right_foot: right,0.945552646,0.877493453,,1,0.5,EASY_POS,EASY_POS,StandardBlocker,TRUE,1
63,left_077729,"player_name: Vyacheslav Tankovskyi | positions_position: DM, M (C) | left_right_foot: Right",right_017540,player_name: vyacheslav tankovskyi | positions_position: MC | left_right_foot: right,0.973230245,0.939768051,,1,0.5,EASY_POS,EASY_POS,StandardBlocker,TRUE,1
64,left_034195,player_name: Henrique | positions_position: GK | left_right_foot: Right,right_069019,player_name: henrique | positions_position: GK | left_right_foot: right,0.970071081,0.932659933,,1,0.038461538,EASY_POS,EASY_POS,StandardBlocker,TRUE,0
65,left_035215,player_name: Paulinho | positions_position: D/WB/M/AM (R) | left_right_foot: Right,right_009663,player_name: paulinho | positions_position: DL | left_right_foot: left,0.897776627,0.76999741,,1,0.015873016,EASY_POS,EASY_POS,StandardBlocker,FALSE,0
66,left_169492,player_name: Gaspar | positions_position: M/AM (RL) | left_right_foot: Right,right_016497,player_name: gaspar | positions_position: ST,0.648434967,0.208978676,,1,0.166666667,CORNER,disagreement,StandardBlocker,FALSE,0
67,left_177729,player_name: Tito | positions_position: D (C) | left_right_foot: Right,right_060932,player_name: tito | positions_position: AML | left_right_foot: left,0.747399925,0.431649832,,1,0.083333333,CORNER,disagreement,StandardBlocker,TRUE,0
68,left_188839,player_name: Dani | positions_position: D (RL) | left_right_foot: Right,right_041553,player_name: dani | positions_position: GK,0.744032922,0.424074074,,1,0.083333333,CORNER,disagreement,StandardBlocker,FALSE,0
69,left_040447,player_name: Matheus Rodrigues | positions_position: ST (C) | left_right_foot: Right,right_006297,player_name: matheus rodrigues | positions_position: MC,0.672876917,0.263973064,,1,0.5,CORNER,disagreement,StandardBlocker,TRUE,0
70,left_171683,"player_name: Javi Moreno | positions_position: DM, M (LC) | left_right_foot: Right",right_051054,player_name: javi moreno | positions_position: DC,0.674822297,0.268350168,,1,0.142857143,CORNER,disagreement,StandardBlocker,TRUE,0
71,left_019717,player_name: Eduardo | positions_position: GK | left_right_foot: Right,right_052164,player_name: eduardo | positions_position: ST | left_right_foot: both,0.74495573,0.426150393,,1,0.03125,CORNER,disagreement,StandardBlocker,FALSE,0
72,left_123876,"player_name: Mamadou Diop | positions_position: DM, M (C) | left_right_foot: Right",right_064261,player_name: mamadou diop | positions_position: GK | left_right_foot: right,0.687342561,0.296520763,,1,0.333333333,CORNER,disagreement,StandardBlocker,FALSE,0
73,left_037744,player_name: Raiff | positions_position: D (C) | left_right_foot: Right,right_000467,player_name: raiff | positions_position: ST,0.7403367,0.415757576,,1,0.5,CORNER,disagreement,StandardBlocker,TRUE,0
74,left_169508,player_name: Alexandre Mendy | positions_position: ST (C) | left_right_foot: Right,right_017206,player_name: alexandre mendy | positions_position: DR,0.692430478,0.307968575,,1,0.333333333,CORNER,disagreement,StandardBlocker,FALSE,0
75,left_073578,"player_name: Lorenzo Pellegrini | positions_position: DM, M/AM (C) | left_right_foot: Right",right_065928,player_name: lorenzo pellegrini | positions_position: MC | left_right_foot: right,0.731811947,0.39657688,,1,0.25,CORNER,disagreement,StandardBlocker,TRUE,1
76,left_001815,player_name: Rafael | positions_position: GK | left_right_foot: Left,right_067353,player_name: rafael | positions_position: AMC,0.648434967,0.208978676,,1,0.055555556,CORNER,disagreement,StandardBlocker,FALSE,0
77,left_168275,player_name: Vitinha | positions_position: ST (C) | left_right_foot: Right,right_020866,player_name: vitinha | positions_position: AML | left_right_foot: left,0.74495573,0.426150393,,1,0.083333333,CORNER,disagreement,StandardBlocker,FALSE,0
78,left_018950,player_name: Danilo | positions_position: D/WB (R) | left_right_foot: Right,right_026975,player_name: danilo | positions_position: GK,0.723257264,0.377328844,,1,0.04,CORNER,disagreement,StandardBlocker,FALSE,0
79,left_170327,player_name: Patrick | positions_position: ST (C) | left_right_foot: Right,right_003662,player_name: patrick | positions_position: DM | left_right_foot: left,0.747399925,0.431649832,,1,0.037037037,CORNER,disagreement,StandardBlocker,FALSE,0
80,left_133368,player_name: Beto | positions_position: ST (C) | left_right_foot: Right,right_019278,player_name: beto | positions_position: MR,0.692430478,0.307968575,,1,0.083333333,CORNER,disagreement,StandardBlocker,FALSE,0
81,left_023426,player_name: Denilson | positions_position: D (C) | left_right_foot: Right,right_068680,player_name: denilson | positions_position: AML | left_right_foot: left,0.74495573,0.426150393,,1,0.076923077,CORNER,disagreement,StandardBlocker,TRUE,0
82,left_172337,player_name: Paulinho | positions_position: AM (C) | left_right_foot: Right,right_003667,player_name: paulinho | positions_position: DL | left_right_foot: left,0.74495573,0.426150393,,1,0.015873016,CORNER,disagreement,StandardBlocker,FALSE,0
83,left_008073,"player_name: Bruno Silva | positions_position: AM (L), ST (C) | left_right_foot: Right",right_048106,player_name: bruno silva | positions_position: ST | left_right_foot: both,0.74495573,0.426150393,,1,0.055555556,CORNER,disagreement,StandardBlocker,TRUE,0
84,left_186489,"player_name: Rodri | positions_position: DM, M (C) | left_right_foot: Right",right_029200,player_name: rodri | positions_position: MC,0.672544374,0.263224841,,1,0.055555556,CORNER,disagreement,StandardBlocker,TRUE,1
85,left_036836,player_name: Kyle Wilson | positions_position: D (LC) | left_right_foot: Left,right_063218,player_name: kyle wilson | positions_position: ST,0.744032922,0.424074074,,1,0.333333333,CORNER,disagreement,StandardBlocker,FALSE,0
86,left_100646,player_name: Lucas Lopez | positions_position: GK | left_right_foot: Right,right_056280,player_name: lucas lopez | positions_position: MR | left_right_foot: left,0.74495573,0.426150393,,1,0.333333333,CORNER,disagreement,StandardBlocker,TRUE,0
87,left_158558,player_name: Craig Moore | positions_position: ST (C) | left_right_foot: Right,right_003033,player_name: craig moore | positions_position: DC,0.687542088,0.296969697,,1,0.25,CORNER,disagreement,StandardBlocker,FALSE,0
88,left_042107,player_name: Julio Delgado | positions_position: GK | left_right_foot: Right,right_026830,player_name: julio delgado | positions_position: AML | left_right_foot: left,0.747399925,0.431649832,,1,0.333333333,CORNER,disagreement,StandardBlocker,FALSE,0
89,left_103467,player_name: Lorenzo Trinceri | positions_position: ST (C) | left_right_foot: Right,right_063677,player_name: lorenzo trinceri | positions_position: AMR,0.555555556,0,,1,0.5,CORNER,uncertainty,StandardBlocker,TRUE,0
90,left_115326,"player_name: Emmanuel Yeboah | positions_position: DM, M (C) | left_right_foot: Left",right_000362,player_name: emmanuel yeboah | positions_position: ST | left_right_foot: right,0.769397681,0.481144781,,1,0.333333333,EASY_POS,EASY_POS,StandardBlocker,TRUE,0
91,left_083058,"player_name: Ismail Achik | positions_position: AM (R), ST (C) | left_right_foot: Right",right_046642,player_name: ismail achik | positions_position: AMR | left_right_foot: right,0.96066485,0.911495911,,1,0.5,EASY_POS,EASY_POS,StandardBlocker,TRUE,1
92,left_106393,player_name: Caner Cavlan | positions_position: D/WB/M (L) | left_right_foot: Left,right_004928,player_name: caner cavlan | positions_position: DL | left_right_foot: left,0.971567527,0.936026936,,1,0.5,EASY_POS,EASY_POS,StandardBlocker,TRUE,1
93,left_010604,player_name: Marlon | positions_position: AM (RL) | left_right_foot: Right,right_033702,player_name: marlon | positions_position: DL | left_right_foot: left,0.884870932,0.740959596,,1,0.037037037,EASY_POS,EASY_POS,StandardBlocker,TRUE,0
94,left_010840,player_name: Vinicius | positions_position: D (RC) | left_right_foot: Right,right_025964,player_name: vinicius | positions_position: GK | left_right_foot: right,0.842334456,0.645252525,,1,0.038461538,EASY_POS,EASY_POS,StandardBlocker,TRUE,0
95,left_179964,player_name: Elton Boketsu | positions_position: AM (RL) | left_right_foot: Right,right_013551,player_name: elton boketsu | positions_position: AMR,0.939466624,0.863799904,,1,0.5,EASY_POS,EASY_POS,StandardBlocker,TRUE,1
96,left_044035,"player_name: Hans Mulder | positions_position: DM, M (RLC) | left_right_foot: Right",right_039069,player_name: hans mulder | positions_position: DC | left_right_foot: right,0.972927933,0.939087848,,1,0.5,EASY_POS,EASY_POS,StandardBlocker,TRUE,1
97,left_041953,"player_name: Lucas Silva | positions_position: DM, M (C) | left_right_foot: Right",right_029271,player_name: lucas silva | positions_position: AML | left_right_foot: left,0.852606726,0.668365133,,1,0.055555556,EASY_POS,EASY_POS,StandardBlocker,TRUE,0
98,left_068017,"player_name: Toni | positions_position: AM (L), ST (C) | left_right_foot: Left",right_008734,player_name: toni | positions_position: DR | left_right_foot: right,0.836857464,0.632929293,,1,0.166666667,EASY_POS,EASY_POS,StandardBlocker,FALSE,0
99,left_156073,player_name: Nathan Blissett | positions_position: ST (C) | left_right_foot: Right,right_020195,player_name: nathan blissett | positions_position: ST | left_right_foot: right,0.986033171,0.968574635,,1,0.5,EASY_POS,EASY_POS,StandardBlocker,TRUE,1
100,left_059714,player_name: Francesco Russo | positions_position: GK | left_right_foot: Right,right_033096,player_name: francesco russo | positions_position: ST,0.702207258,0.32996633,,1,0.125,CORNER,disagreement,StandardBlocker,TRUE,0
101,left_164397,player_name: Danny Edwards | positions_position: M/AM (R) | left_right_foot: Right,right_060776,player_name: danny edwards | positions_position: MC | left_right_foot: right,0.861503928,0.688383838,,1,0.333333333,EASY_POS,EASY_POS,StandardBlocker,TRUE,0
102,left_155051,"player_name: Danny Rose | positions_position: DM, M (C) | left_right_foot: Left",right_011199,player_name: danny rose | positions_position: ST | left_right_foot: right,0.888335204,0.748754209,,1,0.166666667,EASY_POS,EASY_POS,StandardBlocker,TRUE,0
103,left_182129,player_name: Aldo Perrini | positions_position: M/AM (C) | left_right_foot: Left,right_055281,player_name: aldo perrini | positions_position: MC | left_right_foot: left,0.837261504,0.633838384,,1,0.5,EASY_POS,EASY_POS,StandardBlocker,TRUE,1
104,left_187721,player_name: Ricardo Oliveira | positions_position: AM (RL) | left_right_foot: Left,right_009768,player_name: ricardo oliveira | positions_position: ST | left_right_foot: right,0.769397681,0.481144781,,1,0.5,EASY_POS,EASY_POS,StandardBlocker,FALSE,0
105,left_043224,player_name: Janni Serra | positions_position: ST (C) | left_right_foot: Left,right_027196,player_name: janni serra | positions_position: ST | left_right_foot: left,0.970849233,0.934410774,,1,0.5,EASY_POS,EASY_POS,StandardBlocker,TRUE,1
106,left_016603,"player_name: Juninho | positions_position: M (L), AM (RLC) | left_right_foot: Left",right_042302,player_name: juninho | positions_position: GK | left_right_foot: right,0.841257015,0.642828283,,1,0.02173913,EASY_POS,EASY_POS,StandardBlocker,FALSE,0
107,left_169219,"player_name: Kiki | positions_position: D (LC), WB (L) | left_right_foot: Left",right_019351,player_name: kiki | positions_position: DL | left_right_foot: left,0.980973759,0.957190957,,1,0.25,EASY_POS,EASY_POS,StandardBlocker,TRUE,1
108,left_001769,"player_name: Jefferson Intriago | positions_position: DM, M (C) | left_right_foot: Either",right_028249,player_name: jefferson intriago | positions_position: DM | left_right_foot: right,0.948289479,0.883651328,,1,0.5,EASY_POS,EASY_POS,StandardBlocker,TRUE,0
109,left_114041,player_name: Erik Figueroa | positions_position: D (LC) | left_right_foot: Left,right_007038,player_name: erik figueroa | positions_position: DL | left_right_foot: left,0.983539095,0.962962963,,1,0.5,EASY_POS,EASY_POS,StandardBlocker,TRUE,1
110,left_106847,player_name: Bart Schenkeveld | positions_position: D (C) | left_right_foot: Right,right_006949,player_name: bart schenkeveld | positions_position: DC | left_right_foot: right,0.974560419,0.942760943,,1,0.5,EASY_POS,EASY_POS,StandardBlocker,TRUE,1
111,left_074936,player_name: Anton Zinkovskiy | positions_position: M/AM (L) | left_right_foot: Right,right_018765,player_name: anton zinkovskiy | positions_position: AML | left_right_foot: right,0.970320489,0.9332211,,1,0.5,EASY_POS,EASY_POS,StandardBlocker,TRUE,1
112,left_052360,"player_name: Phil Halbauer | positions_position: D/WB (L), AM (RL) | left_right_foot: Left",right_028358,player_name: phil halbauer | positions_position: AML | left_right_foot: left,0.944514132,0.875156797,,1,0.5,EASY_POS,EASY_POS,StandardBlocker,TRUE,1
113,left_040970,player_name: Paulinho | positions_position: DM | left_right_foot: Right,right_039438,player_name: paulinho | positions_position: AMC,0.696645467,0.317452301,,1,0.015873016,CORNER,disagreement,StandardBlocker,TRUE,0
114,left_119065,player_name: Lucas Lima | positions_position: ST (C) | left_right_foot: Right,right_014394,player_name: lucas lima | positions_position: DL | left_right_foot: left,0.780321736,0.505723906,,1,0.111111111,EASY_POS,EASY_POS,StandardBlocker,FALSE,0
115,left_035559,"player_name: Rodrigo | positions_position: D (R), DM, M (C) | left_right_foot: Right",right_006471,player_name: rodrigo | positions_position: ST | left_right_foot: left,0.694575383,0.312794613,,1,0.038461538,CORNER,disagreement,StandardBlocker,TRUE,0
116,left_170327,player_name: Patrick | positions_position: ST (C) | left_right_foot: Right,right_015071,player_name: patrick | positions_position: DR | left_right_foot: right,0.855899738,0.675774411,,1,0.037037037,EASY_POS,EASY_POS,StandardBlocker,FALSE,0
117,left_054315,"player_name: Sebastian Enderle | positions_position: D (RL), WB/M (L) | left_right_foot: Left",right_033699,player_name: sebastian enderle | positions_position: DL,0.808641975,0.569444444,,1,0.5,EASY_POS,EASY_POS,StandardBlocker,TRUE,0
118,left_110956,"player_name: Klodian Gjino | positions_position: DM, M (C) | left_right_foot: Right",right_015270,player_name: klodian gjino | positions_position: DM | left_right_foot: right,0.984702997,0.965581743,,1,0.5,EASY_POS,EASY_POS,StandardBlocker,TRUE,1
119,left_017328,"player_name: Ander Egiluz | positions_position: D (C), DM, M (C) | left_right_foot: Right",right_035796,player_name: ander egiluz | positions_position: DC | left_right_foot: right,0.958286569,0.906144781,,1,0.5,EASY_POS,EASY_POS,StandardBlocker,TRUE,0
120,left_109908,"player_name: Andreas Katsantonis | positions_position: AM (R), ST (C) | left_right_foot: Right",right_036875,player_name: andreas katsantonis | positions_position: ST | left_right_foot: right,0.949120838,0.885521886,,1,0.5,EASY_POS,EASY_POS,StandardBlocker,TRUE,1
122,left_025453,player_name: Yuri | positions_position: AM (RL) | left_right_foot: Right,right_037144,player_name: yuri | positions_position: DL | left_right_foot: left,0.86325477,0.692323232,,1,0.05,EASY_POS,EASY_POS,StandardBlocker,TRUE,0
123,left_051609,"player_name: Diyar Saka | positions_position: M (R), AM (RL), ST (C) | left_right_foot: Left",right_052433,player_name: diyar saka | positions_position: AMC,0.79435205,0.537292113,,1,0.5,EASY_POS,EASY_POS,StandardBlocker,TRUE,0
124,left_017524,player_name: Caio | positions_position: ST (C) | left_right_foot: Right,right_002011,player_name: caio | positions_position: AMC | left_right_foot: right,0.840828033,0.641863075,,1,0.055555556,EASY_POS,EASY_POS,StandardBlocker,TRUE,0
125,left_154842,player_name: Chay Cooper | positions_position: AM (RLC) | left_right_foot: Right,right_047958,player_name: chay cooper | positions_position: AML | left_right_foot: right,0.986531987,0.96969697,,1,0.5,EASY_POS,EASY_POS,StandardBlocker,TRUE,1
126,left_045621,player_name: Tracy Mpati | positions_position: D/WB (R) | left_right_foot: Right,right_014233,player_name: tracy mpati | positions_position: DR | left_right_foot: right,0.973438085,0.94023569,,1,0.5,EASY_POS,EASY_POS,StandardBlocker,TRUE,1
127,left_133827,player_name: Tsubasa Nishi | positions_position: M/AM (C) | left_right_foot: Right,right_027651,player_name: tsubasa nishi | positions_position: MC,0.93453049,0.852693603,,1,0.5,EASY_POS,EASY_POS,StandardBlocker,TRUE,1
128,left_029909,player_name: Dodo | positions_position: ST (C) | left_right_foot: Right,right_068540,player_name: dodo | positions_position: AMC | left_right_foot: right,0.840828033,0.641863075,,1,0.111111111,EASY_POS,EASY_POS,StandardBlocker,TRUE,0
129,left_001541,"player_name: Jefferson | positions_position: D (R), DM | left_right_foot: Right",right_065537,player_name: jefferson | positions_position: ST,0.803426861,0.557710438,,1,0.035714286,EASY_POS,EASY_POS,StandardBlocker,TRUE,0
130,left_176166,player_name: Cristian | positions_position: M (C) | left_right_foot: Right,right_044348,player_name: cristian | positions_position: AMC | left_right_foot: right,0.895421707,0.76469884,,1,0.071428571,EASY_POS,EASY_POS,StandardBlocker,FALSE,0
131,left_082508,player_name: Pedro Henrique | positions_position: D (C) | left_right_foot: Right,right_042764,player_name: pedro henrique | positions_position: ST | left_right_foot: left,0.837086919,0.633445567,,1,0.041666667,EASY_POS,EASY_POS,StandardBlocker,TRUE,0
132,left_171680,"player_name: Marc Rovirola | positions_position: D (C), DM, M (C) | left_right_foot: Right",right_020430,player_name: marc rovirola | positions_position: MC | left_right_foot: right,0.972502806,0.938131313,,1,0.5,EASY_POS,EASY_POS,StandardBlocker,TRUE,1
133,left_185882,"player_name: Tito | positions_position: AM (R), ST (C) | left_right_foot: Right",right_008709,player_name: tito | positions_position: DL | left_right_foot: left,0.819977553,0.594949495,,1,0.083333333,EASY_POS,EASY_POS,StandardBlocker,FALSE,0
134,left_007504,player_name: Jefferson | positions_position: GK | left_right_foot: Right,right_018561,player_name: jefferson | positions_position: GK | left_right_foot: left,0.976805088,0.947811448,,1,0.035714286,EASY_POS,EASY_POS,StandardBlocker,TRUE,1
135,left_041783,"player_name: Guilherme | positions_position: AM (RLC), ST (C) | left_right_foot: Right",right_052586,player_name: guilherme | positions_position: AMC | left_right_foot: right,0.908460739,0.794036663,,1,0.022222222,EASY_POS,EASY_POS,StandardBlocker,TRUE,0
136,left_065111,player_name: Gianluca Pizzagalli | positions_position: M (R) | left_right_foot: Right,right_053304,player_name: gianluca pizzagalli | positions_position: MR | left_right_foot: right,0.914702581,0.808080808,,1,0.5,EASY_POS,EASY_POS,StandardBlocker,TRUE,1
137,left_107341,player_name: Joe Mendes | positions_position: D/WB/M (R) | left_right_foot: Right,right_048361,player_name: joe mendes | positions_position: DR | left_right_foot: right,0.973063973,0.939393939,,1,0.5,EASY_POS,EASY_POS,StandardBlocker,TRUE,1
138,left_013435,player_name: Cristiano | positions_position: ST (C) | left_right_foot: Right,right_028800,player_name: cristiano | positions_position: DL | left_right_foot: left,0.837086919,0.633445567,,1,0.052631579,EASY_POS,EASY_POS,StandardBlocker,TRUE,0
139,left_007062,player_name: Rafael Santos | positions_position: GK | left_right_foot: Right,right_065086,player_name: rafael santos | positions_position: GK | left_right_foot: right,0.994014216,0.986531987,,1,0.111111111,EASY_POS,EASY_POS,StandardBlocker,TRUE,1
140,left_172857,player_name: Antonio Caballero | positions_position: M/AM (C) | left_right_foot: Right,right_001479,player_name: antonio caballero | positions_position: MC,0.93453049,0.852693603,,1,0.25,EASY_POS,EASY_POS,StandardBlocker,TRUE,1
141,left_088710,"player_name: Francesco Vaccaro | positions_position: D/WB (L), M (LC) | left_right_foot: Left",right_030546,player_name: francesco vaccaro | positions_position: DL | left_right_foot: left,0.980733259,0.956649832,,1,0.5,EASY_POS,EASY_POS,StandardBlocker,TRUE,1
142,left_014837,"player_name: Sandro | positions_position: AM (LC), ST (C) | left_right_foot: Left",right_060943,player_name: sandro | positions_position: MC | left_right_foot: both,0.905444569,0.787250281,,1,0.083333333,EASY_POS,EASY_POS,StandardBlocker,FALSE,0
143,left_069367,"player_name: Samuel Gomis | positions_position: D (C), DM, M (C) | left_right_foot: Right",right_018786,player_name: samuel gomis | positions_position: DM,0.808641975,0.569444444,,1,0.333333333,EASY_POS,EASY_POS,StandardBlocker,FALSE,0
144,left_185282,player_name: Mohamed Youla | positions_position: D (C) | left_right_foot: Right,right_068941,player_name: mohamed youla | positions_position: DR | left_right_foot: right,0.867514653,0.701907969,,1,0.5,EASY_POS,EASY_POS,StandardBlocker,TRUE,0
145,left_018472,player_name: Juninho | positions_position: D (L) | left_right_foot: Either,right_059348,player_name: juninho | positions_position: AMC | left_right_foot: right,0.805910961,0.563299663,,1,0.02173913,EASY_POS,EASY_POS,StandardBlocker,TRUE,0
146,left_022557,player_name: Steven Juncaj | positions_position: M/AM (L) | left_right_foot: Left,right_058074,player_name: steven juncaj | positions_position: ML | left_right_foot: left,0.947998504,0.882996633,,1,0.5,EASY_POS,EASY_POS,StandardBlocker,TRUE,1
147,left_010885,player_name: Juninho | positions_position: AM (C) | left_right_foot: Right,right_068929,player_name: juninho | positions_position: MC | left_right_foot: right,0.893672528,0.760763187,,1,0.02173913,EASY_POS,EASY_POS,StandardBlocker,TRUE,0
148,left_116059,player_name: Jakob Vadstrup | positions_position: D (L) | left_right_foot: Left,right_057238,player_name: jakob vadstrup | positions_position: DC | left_right_foot: left,0.949120838,0.885521886,,1,0.5,EASY_POS,EASY_POS,StandardBlocker,TRUE,0
149,left_083481,"player_name: Sergey Pryakhin | positions_position: WB (R), M (RC), AM (R) | left_right_foot: Right",right_055024,player_name: sergey pryakhin | positions_position: AMC | left_right_foot: right,0.951478874,0.890827467,,1,0.5,EASY_POS,EASY_POS,StandardBlocker,TRUE,1
150,left_006918,"player_name: Marcelinho | positions_position: M (L), AM (RLC) | left_right_foot: Left",right_052126,player_name: marcelinho | positions_position: AML | left_right_foot: left,0.974560419,0.942760943,,1,0.05,EASY_POS,EASY_POS,StandardBlocker,TRUE,1
151,left_040697,player_name: Clayton | positions_position: DM | left_right_foot: Right,right_019786,player_name: clayton | positions_position: AMC | left_right_foot: right,0.814041651,0.581593715,,1,0.076923077,EASY_POS,EASY_POS,StandardBlocker,TRUE,0
152,left_094473,player_name: Karim Fragomeni | positions_position: M (C) | left_right_foot: Right,right_061968,player_name: karim fragomeni | positions_position: MC,0.80097269,0.552188552,,1,0.5,EASY_POS,EASY_POS,StandardBlocker,TRUE,1
153,left_001412,"player_name: Richard | positions_position: AM (RLC), ST (C) | left_right_foot: Right",right_004028,player_name: richard | positions_position: DL | left_right_foot: left,0.843359521,0.647558923,,1,0.083333333,EASY_POS,EASY_POS,StandardBlocker,TRUE,0
154,left_168323,player_name: Paulinho | positions_position: ST (C) | left_right_foot: Left,right_041759,player_name: paulinho | positions_position: DL | left_right_foot: left,0.849637112,0.661683502,,1,0.015873016,EASY_POS,EASY_POS,StandardBlocker,FALSE,0
155,left_000406,player_name: Maarten Paes | positions_position: GK | left_right_foot: Right,right_032678,player_name: maarten paes | positions_position: GK | left_right_foot: right,0.970071081,0.932659933,,1,0.5,EASY_POS,EASY_POS,StandardBlocker,TRUE,1
156,left_106675,player_name: Abdurrahim Dursun | positions_position: D/WB (L) | left_right_foot: Left,right_031681,player_name: abdurrahim dursun | positions_position: DL | left_right_foot: left,0.963142536,0.917070707,,1,0.5,EASY_POS,EASY_POS,StandardBlocker,TRUE,1
157,left_107044,player_name: Kristoffer Larsen | positions_position: M/AM (RL) | left_right_foot: Right,right_016431,player_name: kristoffer larsen | positions_position: AML | left_right_foot: right,0.969904809,0.932285821,,1,0.5,EASY_POS,EASY_POS,StandardBlocker,TRUE,1
158,left_105817,player_name: Gustavo Henrique | positions_position: D (C) | left_right_foot: Right,right_017054,player_name: gustavo henrique | positions_position: DC | left_right_foot: right,0.950617284,0.888888889,,1,0.066666667,EASY_POS,EASY_POS,StandardBlocker,TRUE,1
159,left_172176,player_name: Costinha | positions_position: AM (RL) | left_right_foot: Right,right_043538,player_name: costinha | positions_position: DR | left_right_foot: right,0.843800973,0.648552189,,1,0.142857143,EASY_POS,EASY_POS,StandardBlocker,TRUE,0
160,left_109874,"player_name: Niklas Haugland | positions_position: M/AM (R), ST (C) | left_right_foot: Right",right_047404,player_name: niklas haugland | positions_position: ST | left_right_foot: right,0.925177703,0.831649832,,1,0.5,EASY_POS,EASY_POS,StandardBlocker,TRUE,0
161,left_050461,player_name: Luis Hartwig | positions_position: ST (C) | left_right_foot: Right,right_046023,player_name: luis hartwig | positions_position: ST | left_right_foot: right,0.986033171,0.968574635,,1,0.5,EASY_POS,EASY_POS,StandardBlocker,TRUE,1
162,left_040944,"player_name: Caio | positions_position: DM, M/AM (C) | left_right_foot: Right",right_002011,player_name: caio | positions_position: AMC | left_right_foot: right,0.839580995,0.639057239,,1,0.055555556,EASY_POS,EASY_POS,StandardBlocker,TRUE,0
163,left_113655,player_name: Stefanos Katsikas | positions_position: D/WB (R) | left_right_foot: Right,right_044713,player_name: stefanos katsikas | positions_position: DR | left_right_foot: right,0.973438085,0.94023569,,1,0.5,EASY_POS,EASY_POS,StandardBlocker,TRUE,1
164,left_108530,"player_name: Simon Sandberg | positions_position: D (RC), WB (R) | left_right_foot: Right",right_017609,player_name: simon sandberg | positions_position: DR | left_right_foot: right,0.982470205,0.960557961,,1,0.5,EASY_POS,EASY_POS,StandardBlocker,TRUE,1
165,left_179870,player_name: Borja Marchante | positions_position: D (RC) | left_right_foot: Right,right_053960,player_name: borja marchante | positions_position: DC,0.800473875,0.551066218,,1,0.5,EASY_POS,EASY_POS,StandardBlocker,TRUE,1
166,left_028950,"player_name: Juliano | positions_position: M (C), AM (LC) | left_right_foot: Right",right_008454,player_name: juliano | positions_position: GK | left_right_foot: right,0.854066592,0.671649832,,1,0.125,EASY_POS,EASY_POS,StandardBlocker,FALSE,0
167,left_046312,"player_name: Samson Baidoo | positions_position: D (C), DM | left_right_foot: Right",right_055530,player_name: samson baidoo | positions_position: DC | left_right_foot: right,0.923681257,0.828282828,,1,0.5,EASY_POS,EASY_POS,StandardBlocker,TRUE,0
168,left_040250,player_name: Nicolas | positions_position: D/WB/M/AM (R) | left_right_foot: Right,right_037996,player_name: nicolas | positions_position: DL | left_right_foot: left,0.828910184,0.615047915,,1,0.090909091,EASY_POS,EASY_POS,StandardBlocker,TRUE,0
169,left_074245,player_name: Antonio Marin | positions_position: AM (LC) | left_right_foot: Either,right_017866,player_name: antonio marin | positions_position: DR | left_right_foot: right,0.774136426,0.491806958,,1,0.333333333,EASY_POS,EASY_POS,StandardBlocker,FALSE,0
170,left_058180,"player_name: Patrik Vajda | positions_position: D (RC), DM | left_right_foot: Right",right_063899,player_name: patrik vajda | positions_position: DC | left_right_foot: right,0.983239805,0.962289562,,1,0.5,EASY_POS,EASY_POS,StandardBlocker,TRUE,1
171,left_007370,player_name: Michel | positions_position: D (C) | left_right_foot: Right,right_060449,player_name: michel | positions_position: DM | left_right_foot: right,0.847961092,0.657912458,,1,0.041666667,EASY_POS,EASY_POS,StandardBlocker,TRUE,0
172,left_001989,"player_name: Camacho | positions_position: DM, M (C) | left_right_foot: Right",right_000228,player_name: camacho | positions_position: DC | left_right_foot: left,0.861196325,0.687691732,,1,0.2,EASY_POS,EASY_POS,StandardBlocker,TRUE,0
173,left_018854,player_name: Vitor Xavier | positions_position: AM (LC) | left_right_foot: Either,right_031548,player_name: vitor xavier | positions_position: ST | left_right_foot: both,0.937648086,0.859708193,,1,0.5,EASY_POS,EASY_POS,StandardBlocker,TRUE,0
174,left_110147,player_name: Eren Bilen | positions_position: GK | left_right_foot: Right,right_037026,player_name: eren bilen | positions_position: GK | left_right_foot: right,0.994014216,0.986531987,,1,0.5,EASY_POS,EASY_POS,StandardBlocker,TRUE,1
175,left_074464,"player_name: Cristian Galano | positions_position: AM (RC), ST (C) | left_right_foot: Left",right_068243,player_name: cristian galano | positions_position: AMR | left_right_foot: left,0.982940516,0.961616162,,1,0.5,EASY_POS,EASY_POS,StandardBlocker,TRUE,1
176,left_174277,"player_name: Fernando Almeida | positions_position: D/WB (R), M (C) | left_right_foot: Right",right_062448,player_name: fernando almeida | positions_position: DM | left_right_foot: right,0.91270732,0.80359147,,1,0.333333333,EASY_POS,EASY_POS,StandardBlocker,TRUE,0
177,left_035723,player_name: Guilherme | positions_position: D/WB (L) | left_right_foot: Left,right_008206,player_name: guilherme | positions_position: AMC | left_right_foot: left,0.78144407,0.508249158,,1,0.022222222,EASY_POS,EASY_POS,StandardBlocker,TRUE,0
178,left_057523,player_name: Ondrej Elexa | positions_position: D (C) | left_right_foot: Right,right_055101,player_name: ondrej elexa | positions_position: DR,0.80097269,0.552188552,,1,0.5,EASY_POS,EASY_POS,StandardBlocker,TRUE,0
179,left_141353,player_name: Juninho | positions_position: GK | left_right_foot: Right,right_007267,player_name: juninho | positions_position: DL | left_right_foot: left,0.836857464,0.632929293,,1,0.02173913,EASY_POS,EASY_POS,StandardBlocker,FALSE,0
180,left_168599,"player_name: Ilaix Moriba | positions_position: DM, M/AM (C) | left_right_foot: Right",right_047793,player_name: ilaix moriba | positions_position: MC | left_right_foot: right,0.972814565,0.938832772,,1,0.5,EASY_POS,EASY_POS,StandardBlocker,TRUE,1
181,left_044233,"player_name: Sven Sprangler | positions_position: DM, M (C) | left_right_foot: Right",right_014342,player_name: sven sprangler | positions_position: MC | left_right_foot: right,0.973230245,0.939768051,,1,0.5,EASY_POS,EASY_POS,StandardBlocker,TRUE,1
182,left_027019,player_name: Carlos Martinez | positions_position: M (C) | left_right_foot: Right,right_048498,player_name: carlos martinez | positions_position: DR | left_right_foot: right,0.800523756,0.551178451,,1,0.166666667,EASY_POS,EASY_POS,StandardBlocker,FALSE,0
183,left_094577,player_name: Alessandro Mauriello | positions_position: D/WB (R) | left_right_foot: Right,right_062454,player_name: alessandro mauriello | positions_position: DR | left_right_foot: right,0.913580247,0.805555556,,1,0.333333333,EASY_POS,EASY_POS,StandardBlocker,TRUE,0
184,left_062479,player_name: Matus Turna | positions_position: D/WB/M (R) | left_right_foot: Right,right_063682,player_name: matus turna | positions_position: DR | left_right_foot: right,0.973063973,0.939393939,,1,0.5,EASY_POS,EASY_POS,StandardBlocker,TRUE,1
185,left_025782,player_name: Eduardo | positions_position: ST (C) | left_right_foot: Right,right_052164,player_name: eduardo | positions_position: ST | left_right_foot: both,0.885501933,0.742379349,,1,0.03125,EASY_POS,EASY_POS,StandardBlocker,TRUE,0
186,left_109216,player_name: Giannis Potouridis | positions_position: D (LC) | left_right_foot: Left,right_005741,player_name: giannis potouridis | positions_position: DC | left_right_foot: left,0.972565158,0.938271605,,1,0.5,EASY_POS,EASY_POS,StandardBlocker,TRUE,1
187,left_047937,"player_name: Azzedine Dkidak | positions_position: D (LC), WB/M (L) | left_right_foot: Left",right_036495,player_name: azzedine dkidak | positions_position: AMR | left_right_foot: left,0.947624392,0.882154882,,1,0.5,EASY_POS,EASY_POS,StandardBlocker,TRUE,1
188,left_092347,player_name: Bence Varga | positions_position: D (C) | left_right_foot: Right,right_037891,player_name: bence varga | positions_position: DL | left_right_foot: left,0.716348672,0.361784512,,1,0.166666667,CORNER,disagreement,StandardBlocker,TRUE,0
189,left_086938,"player_name: Federico Corsi | positions_position: M (C), AM (LC) | left_right_foot: Right",right_061622,player_name: federico corsi | positions_position: AMC | left_right_foot: right,0.841519249,0.64341831,,1,0.5,EASY_POS,EASY_POS,StandardBlocker,FALSE,0
