id1,left_preview,id2,right_preview,matchness,score,embedding_similarity,key_overlap_score,rarity_score,bin,bin_reason,source_blockers_display,corner,label,
FBRef_001954,"player_name: Emmanuel Agbadou | positions_position: DF | clubs_club: Reims, Wolves",TM_064517,player_name: emmanuel nidoy | positions_position: DC | clubs_club: FC Villefranche-Beaujolais B,0.818814646,0.592332954,,1,0.008547009,EASY_POS,EASY_POS,TokenBlocker,FALSE,0,0
FBRef_002203,player_name: Filip Stankovic | positions_position: GK | clubs_club: Volendam,TM_038003,player_name: filip stuparevic | positions_position: ST | clubs_club: Motherwell FC,0.761098558,0.462471756,,1,0.007692308,EASY_POS,EASY_POS,TokenBlocker,FALSE,0,0
FBRef_004490,player_name: Mamadou Sakho | positions_position: DF | clubs_club: Montpellier,TM_055623,player_name: mohamed sakho | positions_position: DM | clubs_club: Unknown,0.811274672,0.575368012,,1,0.00952381,EASY_POS,EASY_POS,TokenBlocker,TRUE,0,1
FBRef_004835,"player_name: Matteo Cancellieri | positions_position: FW,MF, FW | clubs_club: Lazio, Empoli",TM_012565,player_name: matteo ricci | positions_position: DM | clubs_club: UC Sampdoria,0.829154432,0.615597472,,1,0.002857143,EASY_POS,EASY_POS,TokenBlocker,FALSE,0,0
FBRef_006954,player_name: Tom Boere | positions_position: FW | clubs_club: Cambuur,TM_006940,player_name: tom boere | positions_position: ST | clubs_club: KSC Lokeren,0.778867554,0.502451997,,1,0.00591716,EASY_POS,EASY_POS,TokenBlocker,TRUE,1,1
FBRef_001550,"player_name: David Neres | positions_position: FW,MF, MF, FW | clubs_club: Benfica, Napoli",TM_008968,player_name: david stipek | positions_position: MR | clubs_club: DJK Ast,0.794576078,0.537796176,,1,0.001515152,EASY_POS,EASY_POS,TokenBlocker,FALSE,0,0
FBRef_001024,"player_name: Bruno Méndez | positions_position: DF | clubs_club: Toluca, Granada",TM_009052,player_name: bruno uvini | positions_position: DC | clubs_club: Without Club,0.811525214,0.575931731,,1,0.003937008,EASY_POS,EASY_POS,TokenBlocker,FALSE,0,0
FBRef_001261,"player_name: Christopher Mamengi | positions_position: DF, DF,FW | clubs_club: Almere City",TM_034629,player_name: lars christopher vilsvik | positions_position: DR | clubs_club: Strømsgodset IF,0.793912778,0.536303751,,1,0.011904762,EASY_POS,EASY_POS,TokenBlocker,FALSE,0,0
FBRef_001322,player_name: Cristian | positions_position: GK | clubs_club: Valencia,TM_026394,player_name: cristian perez | positions_position: DC | clubs_club: Retired,0.769587869,0.481572706,,1,0.004975124,EASY_POS,EASY_POS,TokenBlocker,TRUE,0,1
FBRef_003438,"player_name: Jordan Silva | positions_position: DF,MF, DF | clubs_club: Cruz Azul, Querétaro, Atlético",TM_012028,player_name: luis silva | positions_position: MC | clubs_club: Académico Viseu FC,0.755694757,0.450313203,,1,0.002364066,EASY_POS,EASY_POS,TokenBlocker,FALSE,0,0
FBRef_001279,player_name: Claudemir de Souza | positions_position: MF | clubs_club: Vizela,TM_002546,player_name: de pievre ilunga | positions_position: MC | clubs_club: Örebro Syrianska IF,0.7973556,0.5440501,,1,0.001680672,EASY_POS,EASY_POS,TokenBlocker,FALSE,0,0
FBRef_005739,"player_name: Paulo Victor | positions_position: FW,MF, DF,MF | clubs_club: Farense, Chaves",TM_028754,player_name: paulo moreira | positions_position: MC | clubs_club: CF Estrela Amadora,0.802010156,0.55452285,,1,0.00330033,EASY_POS,EASY_POS,TokenBlocker,FALSE,0,0
FBRef_001524,player_name: Dave Van Den Berg | positions_position: MF | clubs_club: Zwolle,TM_060852,player_name: tim van den heuvel | positions_position: MC | clubs_club: Hannover 96 II,0.815676395,0.585271889,,1,0.002247191,EASY_POS,EASY_POS,TokenBlocker,FALSE,0,0
FBRef_004571,"player_name: Marco D'Alessandro | positions_position: DF,FW | clubs_club: Monza",TM_032508,player_name: marco libertino | positions_position: DL | clubs_club: Without Club,0.826233385,0.609025117,,1,0.001176471,EASY_POS,EASY_POS,TokenBlocker,FALSE,0,0
FBRef_006928,player_name: Timon Wellenreuther | positions_position: GK | clubs_club: Feyenoord,TM_055511,player_name: timon vanhoutte | positions_position: GK | clubs_club: RSCA Futures,0.859698914,0.684322556,,1,0.166666667,EASY_POS,EASY_POS,TokenBlocker,FALSE,0,0
FBRef_000272,"player_name: Alessandro Di Pardo | positions_position: DF,MF, DF | clubs_club: Cagliari",TM_035336,player_name: alessandro del piero | positions_position: ST | clubs_club: Retired,0.767168026,0.47612806,,1,0.001683502,EASY_POS,EASY_POS,TokenBlocker,FALSE,0,0
FBRef_006843,"player_name: Thom van Bergen | positions_position: FW,DF, FW | clubs_club: Groningen",TM_051621,player_name: thom van bergen | positions_position: ST | clubs_club: FC Groningen,0.812815253,0.57883432,,1,0.002439024,EASY_POS,EASY_POS,TokenBlocker,TRUE,1,1
FBRef_001104,"player_name: Carlos Clerc | positions_position: DF,MF | clubs_club: Elche",TM_011574,player_name: carlos ascues | positions_position: DC | clubs_club: Alianza Universidad,0.830114402,0.617757406,,1,0.002777778,EASY_POS,EASY_POS,TokenBlocker,FALSE,0,0
FBRef_000914,"player_name: Bill Antonio | positions_position: MF,FW, DF,FW | clubs_club: Mechelen",TM_036166,player_name: antonio tedesco | positions_position: AML | clubs_club: Without Club,0.781365931,0.508073344,,1,0.002680965,EASY_POS,EASY_POS,TokenBlocker,FALSE,0,0
FBRef_004844,"player_name: Matteo Politano | positions_position: MF, FW | clubs_club: Napoli",TM_036035,player_name: matteo lovato | positions_position: DC | clubs_club: FC Empoli,0.780930105,0.507092737,,1,0.00286533,EASY_POS,EASY_POS,TokenBlocker,FALSE,0,0
FBRef_001513,"player_name: Darko Lazović | positions_position: FW,MF, MF,DF | clubs_club: Hellas Verona",TM_063582,player_name: darko brasanac | positions_position: MC | clubs_club: Málaga CF,0.809272748,0.570863683,,1,0.05,EASY_POS,EASY_POS,TokenBlocker,FALSE,0,0
FBRef_004245,"player_name: Luca Everink | positions_position: DF, DF,FW | clubs_club: Go Ahead Eag, Twente",TM_002631,player_name: luca frenguelli | positions_position: DL | clubs_club: CA Racing (Córdoba),0.786848987,0.520410221,,1,0.002590674,EASY_POS,EASY_POS,TokenBlocker,FALSE,0,0
FBRef_001617,"player_name: Denis Odoi | positions_position: MF,DF, DF,MF | clubs_club: Club Brugge, Antwerp",TM_050317,player_name: denis arnaud | positions_position: DL | clubs_club: Retired,0.786474488,0.519567597,,1,0.008474576,EASY_POS,EASY_POS,TokenBlocker,FALSE,0,0
FBRef_005355,player_name: Nicolas Madsen | positions_position: MF | clubs_club: Westerlo,TM_058657,player_name: nicolas chietino | positions_position: MC | clubs_club: Retired,0.828741714,0.614668856,,1,0.003436426,EASY_POS,EASY_POS,TokenBlocker,FALSE,0,0
FBRef_001530,player_name: David Ayala | positions_position: MF | clubs_club: UANL,TM_030461,player_name: david bras | positions_position: MC | clubs_club: FC Pampilhosa,0.770940568,0.484616278,,1,0.001497006,EASY_POS,EASY_POS,TokenBlocker,FALSE,0,0
FBRef_003115,player_name: Javi Montero | positions_position: DF | clubs_club: Arouca,TM_050946,player_name: javi vertiz | positions_position: DR | clubs_club: UD Melilla B,0.836367691,0.631827304,,1,0.006578947,EASY_POS,EASY_POS,TokenBlocker,FALSE,0,0
FBRef_004741,player_name: Matej Maglica | positions_position: DF | clubs_club: Darmstadt 98,TM_039941,player_name: matej jelic | positions_position: ST | clubs_club: NK Valpovka Valpovo,0.758559068,0.456757902,,1,0.026315789,EASY_POS,EASY_POS,TokenBlocker,FALSE,0,0
FBRef_006110,player_name: Robert Gumny | positions_position: DF | clubs_club: Augsburg,TM_035573,player_name: robert middleby | positions_position: DR | clubs_club: Retired,0.80192179,0.554324028,,1,0.007518797,EASY_POS,EASY_POS,TokenBlocker,FALSE,0,0
FBRef_003430,"player_name: Jordan Larsson | positions_position: FW,MF | clubs_club: Schalke 04",TM_005686,player_name: jordan cousins | positions_position: MC | clubs_club: Eastleigh FC,0.767449168,0.476760628,,1,0.005405405,EASY_POS,EASY_POS,TokenBlocker,FALSE,0,0
FBRef_000293,"player_name: Alex Král | positions_position: MF | clubs_club: Union Berlin, Schalke 04",TM_033068,player_name: alex pattison | positions_position: MC | clubs_club: Bradford City,0.812306278,0.577689127,,1,0.002808989,EASY_POS,EASY_POS,TokenBlocker,FALSE,0,0
FBRef_004834,player_name: Matteo Bianchetti | positions_position: DF | clubs_club: Cremonese,TM_024230,player_name: matteo remorini | positions_position: AMC | clubs_club: GS Fratres Perignano 2019,0.754933959,0.448601407,,1,0.00286533,EASY_POS,EASY_POS,TokenBlocker,FALSE,0,0
FBRef_004307,"player_name: Lucas Piazon | positions_position: MF,FW | clubs_club: AVS Futebol",TM_064341,player_name: lucas andre | positions_position: MC | clubs_club: Barra FC,0.834833649,0.628375711,,1,0.002427184,EASY_POS,EASY_POS,TokenBlocker,FALSE,0,0
FBRef_004243,player_name: Luca Caldirola | positions_position: DF | clubs_club: Monza,TM_039763,player_name: luca denicola | positions_position: DC | clubs_club: Retired,0.791430744,0.530719174,,1,0.002590674,EASY_POS,EASY_POS,TokenBlocker,FALSE,0,0
FBRef_004571,"player_name: Marco D'Alessandro | positions_position: DF,FW | clubs_club: Monza",TM_030186,player_name: alessandro sangiorgi | positions_position: DM | clubs_club: Rovato Vertovese,0.815939862,0.585864689,,1,0.001199041,EASY_POS,EASY_POS,TokenBlocker,FALSE,0,0
FBRef_000828,player_name: Bas van den Eynden | positions_position: DF | clubs_club: Mechelen,TM_027886,player_name: daan van gijseghem | positions_position: DC | clubs_club: Retired,0.815348645,0.584534452,,1,0.002352941,EASY_POS,EASY_POS,TokenBlocker,FALSE,0,0
FBRef_001558,"player_name: David Sambissa | positions_position: FW,MF | clubs_club: Cambuur",TM_058610,player_name: david fisher | positions_position: ST | clubs_club: Glentoran FC,0.698878956,0.32247765,,1,0.001515152,CORNER,disagreement,TokenBlocker,FALSE,0,0
FBRef_007370,"player_name: Younes Taha El Idrissi | positions_position: FW,MF | clubs_club: Twente",TM_063813,player_name: ismael el omari | positions_position: ST | clubs_club: Royal Union Tubize-Braine,0.693342106,0.310019738,,1,0.004524887,CORNER,disagreement,TokenBlocker,FALSE,0,0
FBRef_001533,"player_name: David Brooks | positions_position: FW,MF | clubs_club: Bournemouth",TM_036828,player_name: david zec | positions_position: DC | clubs_club: Holstein Kiel,0.686849171,0.295410634,,1,0.001497006,CORNER,disagreement,TokenBlocker,FALSE,0,0
FBRef_006857,player_name: Thomas Kristensen | positions_position: DF | clubs_club: Udinese,TM_030636,player_name: thomas fink | positions_position: AMC | clubs_club: SC Weiz,0.727154672,0.386098013,,1,0.003021148,CORNER,disagreement,TokenBlocker,FALSE,0,0
FBRef_001455,"player_name: Daniel López | positions_position: FW,MF | clubs_club: Querétaro",TM_048738,player_name: daniel sannipoli | positions_position: MC | clubs_club: Guidonia Montecelio 1937 FC,0.716033616,0.361075635,,1,0.001901141,CORNER,disagreement,TokenBlocker,FALSE,0,0
FBRef_000076,"player_name: Adam Daghim | positions_position: FW,MF | clubs_club: Wolfsburg",TM_045081,player_name: adam wastlund | positions_position: DM | clubs_club: Lindome GIF,0.674051316,0.266615462,,1,0.004065041,CORNER,disagreement,TokenBlocker,FALSE,0,0
FBRef_003079,"player_name: Jannes Horn | positions_position: DF,FW | clubs_club: Bochum",TM_026067,player_name: luca horn | positions_position: ML | clubs_club: Sportfreunde Lotte,0.742205857,0.419963179,,1,0.027777778,CORNER,disagreement,TokenBlocker,FALSE,0,0
FBRef_001921,player_name: Emanuel Poku | positions_position: FW | clubs_club: Almere City,TM_051468,player_name: emanuel centurion | positions_position: ML | clubs_club: Retired,0.717081523,0.363433426,,1,0.019230769,CORNER,disagreement,TokenBlocker,FALSE,0,0
FBRef_002146,player_name: Federico Redondo | positions_position: MF | clubs_club: Elche,TM_019827,player_name: federico celli | positions_position: DC | clubs_club: Città di Formia,0.705771453,0.337985769,,1,0.003891051,CORNER,disagreement,TokenBlocker,FALSE,0,0
FBRef_005045,"player_name: Miguel Tapias | positions_position: DF | clubs_club: Guadalajara, Pachuca",TM_041016,player_name: miguel zepeda | positions_position: MR | clubs_club: Retired,0.739613303,0.414129931,,1,0.004366812,CORNER,disagreement,TokenBlocker,FALSE,0,0
FBRef_003227,player_name: Jesse van de Haar | positions_position: FW | clubs_club: Utrecht,TM_060044,player_name: daniele de paola | positions_position: DR | clubs_club: Without Club,0.707646021,0.342203548,,1,0.001121076,CORNER,disagreement,TokenBlocker,FALSE,0,0
FBRef_006606,"player_name: Silvester van der Water | positions_position: FW,MF | clubs_club: RKC Waalwijk, Zwolle, Cambuur",TM_010369,player_name: kevin van veen | positions_position: ST | clubs_club: FC Eindhoven,0.73962701,0.414160773,,1,0.002197802,CORNER,disagreement,TokenBlocker,FALSE,0,0
FBRef_000954,"player_name: Boyd Lucassen | positions_position: DF,FW | clubs_club: NAC Breda",TM_000942,player_name: terrence boyd | positions_position: ST | clubs_club: SV Waldhof Mannheim,0.652119459,0.217268784,,1,0.083333333,CORNER,uncertainty,TokenBlocker,FALSE,0,0
FBRef_001003,"player_name: Brice Samba | positions_position: GK | clubs_club: Rennes, Lens",TM_063989,player_name: samba kone | positions_position: MC | clubs_club: Académico Viseu FC,0.634067366,0.176651573,,1,0.043478261,CORNER,uncertainty,TokenBlocker,FALSE,0,0
FBRef_004937,"player_name: Maximiliano Meza | positions_position: MF,FW | clubs_club: Monterrey",TM_068621,player_name: noe meza | positions_position: ST | clubs_club: Without Club,0.63029185,0.168156662,,1,0.01754386,CORNER,uncertainty,TokenBlocker,FALSE,0,0
FBRef_007402,"player_name: Yusuf Barasi | positions_position: FW,MF | clubs_club: AZ Alkmaar",TM_059693,player_name: bamidele yusuf | positions_position: AMR | clubs_club: Ferencvárosi TC,0.652455959,0.218025908,,1,0.016129032,CORNER,uncertainty,TokenBlocker,FALSE,0,0
FBRef_003279,"player_name: Jo | positions_position: FW,MF | clubs_club: Chaves",TM_066368,player_name: min ho jo | positions_position: AMC | clubs_club: Busan IPark,0.572842086,0.038894694,,1,0.043478261,CORNER,uncertainty,TokenBlocker,TRUE,0,1
FBRef_004040,"player_name: Kyliane Dong | positions_position: MF,FW | clubs_club: Troyes",TM_025343,player_name: dong gyu baek | positions_position: DC | clubs_club: Bucheon FC 1995,0.649736385,0.211906867,,1,25,CORNER,uncertainty,TokenBlocker,FALSE,0,0
FBRef_001278,"player_name: Cisse Sandra | positions_position: MF,FW, FW,MF, MF | clubs_club: Excelsior, Club Brugge, Willem II",TM_027939,player_name: yacouba cisse | positions_position: ST | clubs_club: US Ariano,0.629590598,0.166578845,,1,0.026315789,CORNER,uncertainty,TokenBlocker,FALSE,0,0
FBRef_006529,"player_name: Sergi Darder | positions_position: MF,FW, MF | clubs_club: Espanyol, Mallorca",TM_059198,player_name: sammy sergi | positions_position: ST | clubs_club: Without Club,0.655017609,0.22378962,,1,0.032258065,CORNER,uncertainty,TokenBlocker,FALSE,0,0
FBRef_001741,"player_name: Dion Lopy | positions_position: MF | clubs_club: Almería, Reims",TM_065524,player_name: moise sahi dion | positions_position: ST | clubs_club: FCV Dender EH,0.655911564,0.225801019,,1,0.033333333,CORNER,uncertainty,TokenBlocker,FALSE,0,0
FBRef_000715,player_name: Arthur Alexis | positions_position: MF | clubs_club: Sint-Truiden,TM_063837,player_name: alexis manyoma | positions_position: AML | clubs_club: Colorado Rapids,0.652789668,0.218776753,,1,0.006896552,CORNER,uncertainty,TokenBlocker,FALSE,0,0
FBRef_005174,player_name: Moritz Nicolas | positions_position: GK | clubs_club: Gladbach,TM_037996,player_name: nicolas | positions_position: DL | clubs_club: Ceará Sporting Club,0.638857681,0.187429781,,1,0.003205128,CORNER,uncertainty,TokenBlocker,FALSE,0,0
FBRef_000877,"player_name: Benji Michel | positions_position: FW,MF, FW | clubs_club: Arouca",TM_037477,player_name: michel araujo | positions_position: AML | clubs_club: Esporte Clube Bahia,0.747816015,0.432586033,,1,0.011111111,CORNER,threshold,TokenBlocker,FALSE,0,0
FBRef_007146,player_name: Vincent Sasso | positions_position: DF | clubs_club: Boavista,TM_057234,player_name: james vincent | positions_position: MC | clubs_club: Stockport Town FC,0.64717697,0.206148183,,1,0.009615385,CORNER,uncertainty,TokenBlocker,FALSE,0,0
FBRef_007496,player_name: Ángel Rico | positions_position: MF | clubs_club: UNAM,TM_062262,player_name: rico schmider | positions_position: DM | clubs_club: Retired,0.637117813,0.18351508,,1,0.04,CORNER,uncertainty,TokenBlocker,FALSE,0,0
FBRef_006745,"player_name: Sylla Sow | positions_position: FW,MF, FW | clubs_club: NEC Nijmegen, Go Ahead Eag",TM_031539,player_name: alhassane sylla | positions_position: DR | clubs_club: Without Club,0.654102673,0.221731015,,1,0.016666667,CORNER,uncertainty,TokenBlocker,FALSE,0,0
FBRef_005564,player_name: Ortwin De Wolf | positions_position: GK | clubs_club: Mechelen,TM_004506,player_name: jacobo de oro | positions_position: AMR | clubs_club: UD San Sebastián de los Reyes,0.649531568,0.211446027,,1,0.001733102,CORNER,uncertainty,TokenBlocker,FALSE,0,0
FBRef_007493,player_name: Ángel Leyva | positions_position: DF | clubs_club: Mazatlán,TM_067887,player_name: martin martinez leyva | positions_position: ST | clubs_club: Tulsa SC,0.644383997,0.199863993,,1,0.037037037,CORNER,uncertainty,TokenBlocker,FALSE,0,0
FBRef_006110,player_name: Robert Gumny | positions_position: DF | clubs_club: Augsburg,TM_050384,player_name: thomas robert | positions_position: AMR | clubs_club: Unknown,0.63327548,0.17486983,,1,0.00617284,CORNER,uncertainty,TokenBlocker,FALSE,0,0
FBRef_002134,player_name: Federico Dimarco | positions_position: DF | clubs_club: Inter,TM_013121,player_name: federico serraiocco | positions_position: GK | clubs_club: Retired,0.770115435,0.482759729,,1,0.003937008,EASY_POS,EASY_POS,TokenBlocker,FALSE,0,0
FBRef_003661,"player_name: Juan Cruz | positions_position: FW,MF, FW | clubs_club: Hellas Verona, Betis",TM_039235,player_name: juan andrada | positions_position: DM | clubs_club: CA Sarmiento (Junin),0.790643773,0.528948489,,1,0.002645503,EASY_POS,EASY_POS,TokenBlocker,FALSE,0,0
FBRef_003705,player_name: Julian Araujo | positions_position: DF | clubs_club: Las Palmas,TM_007486,player_name: julian von haacke | positions_position: MC | clubs_club: TuS Dassendorf,0.713573532,0.355540448,,1,0.005524862,CORNER,disagreement,TokenBlocker,FALSE,0,0
FBRef_006437,"player_name: Santiago Bueno | positions_position: DF | clubs_club: Girona, Wolves",TM_048117,player_name: santiago sosa | positions_position: DC | clubs_club: Racing Club,0.83401188,0.62652673,,1,0.0078125,EASY_POS,EASY_POS,TokenBlocker,FALSE,0,0
FBRef_003118,player_name: Javi Sánchez | positions_position: DF | clubs_club: Valladolid,TM_041521,player_name: javi martinez | positions_position: GK | clubs_club: Retired,0.747354108,0.431546742,,1,0.006993007,CORNER,disagreement,TokenBlocker,FALSE,0,0
FBRef_000276,player_name: Alessandro Sorrentino | positions_position: GK | clubs_club: Monza,TM_053731,player_name: alessandro pietrelli | positions_position: AMR | clubs_club: Venezia FC,0.760627623,0.461412151,,1,0.0025,EASY_POS,EASY_POS,TokenBlocker,FALSE,0,0
FBRef_006866,"player_name: Thomas Robinet | positions_position: MF,FW, FW,MF | clubs_club: Almere City",TM_010987,player_name: kwame thomas | positions_position: ST | clubs_club: Aldershot Town,0.683638059,0.288185633,,1,0.003125,CORNER,disagreement,TokenBlocker,FALSE,0,0
FBRef_005772,player_name: Pedro Manuel da Silva Moreira | positions_position: MF | clubs_club: Arouca,TM_028192,player_name: manuel kober | positions_position: DC | clubs_club: FC 08 Homburg,0.686797638,0.295294685,,1,0.001414427,CORNER,disagreement,TokenBlocker,FALSE,0,0
FBRef_004335,player_name: Luis Abram | positions_position: DF | clubs_club: Cruz Azul,TM_035545,player_name: luis kacorri | positions_position: ST | clubs_club: Al-Hussein SC (Irbid),0.70656882,0.339779846,,1,0.00304878,CORNER,disagreement,TokenBlocker,FALSE,0,0
FBRef_001983,"player_name: Enzo Fernández | positions_position: MF | clubs_club: Benfica, Chelsea",TM_064620,player_name: enzo martinez | positions_position: AML | clubs_club: CA Alvarado,0.743262815,0.422341335,,1,0.013333333,CORNER,disagreement,TokenBlocker,FALSE,0,0
FBRef_006364,"player_name: Sam Lammers | positions_position: FW | clubs_club: Utrecht, Sampdoria, Empoli, Twente",TM_028951,player_name: sam parkin | positions_position: ST | clubs_club: Retired,0.713572181,0.355537408,,1,0.008130081,CORNER,disagreement,TokenBlocker,FALSE,0,0
FBRef_001468,player_name: Daniel Vivian | positions_position: DF | clubs_club: Athletic Club,TM_000801,player_name: wilfried louisy daniel | positions_position: ST | clubs_club: Retired,0.695906194,0.315788936,,1,0.001879699,CORNER,disagreement,TokenBlocker,FALSE,0,0
FBRef_003621,player_name: João Miguel Macedo Silva | positions_position: GK | clubs_club: Marítimo,TM_015191,player_name: miguel rodrigues | positions_position: DC | clubs_club: FK Mladost Donja Gorica,0.709645177,0.346701649,,1,0.002272727,CORNER,disagreement,TokenBlocker,FALSE,0,0
FBRef_004078,"player_name: Lassana Coulibaly | positions_position: MF | clubs_club: Salernitana, Lecce",TM_038938,player_name: aly coulibaly | positions_position: MC | clubs_club: Turun Palloseura,0.811454776,0.575773246,,1,0.021276596,EASY_POS,EASY_POS,TokenBlocker,FALSE,0,0
FBRef_001456,"player_name: Daniel Maldini | positions_position: MF,FW, FW,MF, MF | clubs_club: Atalanta, Empoli, Monza, Spezia",TM_012274,player_name: daniel steininger | positions_position: ST | clubs_club: DJK Vilzing,0.724221565,0.379498521,,1,0.001886792,CORNER,disagreement,TokenBlocker,FALSE,0,0
FBRef_006624,player_name: Simon Van Duivenbooden | positions_position: FW | clubs_club: Vitesse,TM_064860,player_name: joel van der wilt | positions_position: GK | clubs_club: Almere City FC,0.713469412,0.355306177,,1,0.001754386,CORNER,disagreement,TokenBlocker,FALSE,0,0
FBRef_000847,player_name: Ben Hamed Touré | positions_position: FW | clubs_club: Ajaccio,TM_036698,player_name: ben wilmot | positions_position: DC | clubs_club: Stoke City,0.697216647,0.318737457,,1,0.004901961,CORNER,disagreement,TokenBlocker,FALSE,0,0
FBRef_000812,"player_name: Baptiste Guillaume | positions_position: FW,MF | clubs_club: Almere City",TM_012973,player_name: alex baptiste | positions_position: DC | clubs_club: Without Club,0.738863001,0.412441752,,1,0.010416667,CORNER,disagreement,TokenBlocker,FALSE,0,0
FBRef_001244,"player_name: Christian Pulisic | positions_position: FW,DF, FW,MF | clubs_club: Chelsea, Milan",TM_042547,player_name: christian kouan | positions_position: MC | clubs_club: Cosenza Calcio,0.741378714,0.418102107,,1,0.003174603,CORNER,disagreement,TokenBlocker,FALSE,0,0
FBRef_004318,player_name: Lucas Trezza | positions_position: MF | clubs_club: Atlas,TM_020134,player_name: lucas villalba | positions_position: DC | clubs_club: Cruzeiro Esporte Clube,0.708126697,0.343285067,,1,0.002415459,CORNER,disagreement,TokenBlocker,FALSE,0,0
FBRef_007140,"player_name: Viktor Đukanović | positions_position: DF,MF | clubs_club: Standard Liège",TM_013458,player_name: viktor farkas | positions_position: DC | clubs_club: Retired,0.79158897,0.531075183,,1,0.015151515,EASY_POS,EASY_POS,TokenBlocker,FALSE,0,0
FBRef_000288,player_name: Alex Bangura | positions_position: DF | clubs_club: Cambuur,TM_052611,player_name: alex santos | positions_position: DL | clubs_club: Retired,0.808727671,0.569637259,,1,0.002617801,EASY_POS,EASY_POS,TokenBlocker,FALSE,0,0
FBRef_004610,player_name: Marcus Linday | positions_position: MF | clubs_club: Heerenveen,TM_043862,player_name: marcus backmann | positions_position: DC | clubs_club: Retired,0.717158108,0.363605743,,1,0.011363636,CORNER,disagreement,TokenBlocker,FALSE,0,0
FBRef_005525,"player_name: Oliver Sonne | positions_position: DF,FW | clubs_club: Burnley",TM_062386,player_name: victor oliver | positions_position: DC | clubs_club: Without Club,0.76935209,0.481042202,,1,0.00617284,EASY_POS,EASY_POS,TokenBlocker,FALSE,0,0
FBRef_000210,"player_name: Alberto Herrera | positions_position: MF,DF, DF,MF, MF,FW | clubs_club: Puebla",TM_054860,player_name: chapa herrera | positions_position: DM | clubs_club: Greenville Triumph SC,0.770803536,0.484307955,,1,0.004273504,EASY_POS,EASY_POS,TokenBlocker,FALSE,0,0
FBRef_001108,"player_name: Carlos Eduardo | positions_position: FW,MF | clubs_club: Gil Vicente FC, Estoril",TM_044507,player_name: eduardo talarico | positions_position: DC | clubs_club: Without Club,0.748264182,0.43359441,,1,0.002531646,CORNER,disagreement,TokenBlocker,FALSE,0,0
FBRef_003684,player_name: Juan Pablo Segovia | positions_position: DF | clubs_club: Necaxa,TM_047621,player_name: juan infante | positions_position: DL | clubs_club: Club Atlético Tucumán,0.817659659,0.589734233,,1,0.001845018,EASY_POS,EASY_POS,TokenBlocker,FALSE,0,0
FBRef_006711,player_name: Steven Fortes | positions_position: DF | clubs_club: Lens,TM_003313,player_name: steven lawless | positions_position: AMR | clubs_club: Partick Thistle FC,0.726740031,0.385165069,,1,0.011494253,CORNER,disagreement,TokenBlocker,FALSE,0,0
FBRef_005892,player_name: Rafa | positions_position: GK | clubs_club: Vitória,TM_067106,player_name: rafa llorente | positions_position: AML | clubs_club: AD Alcorcón,0.711483068,0.350836903,,1,0.021276596,CORNER,disagreement,TokenBlocker,TRUE,0,1
FBRef_000279,player_name: Alessandro Vogliacco | positions_position: DF | clubs_club: Genoa,TM_061770,player_name: alessandro flauto | positions_position: GK | clubs_club: Retired,0.753289691,0.444901804,,1,0.002518892,EASY_POS,EASY_POS,TokenBlocker,FALSE,0,0
FBRef_007129,"player_name: Victor Lopez | positions_position: MF,FW, MF | clubs_club: Monterrey, Querétaro",TM_030791,player_name: victor casadesus | positions_position: ST | clubs_club: Without Club,0.710798922,0.349297573,,1,0.002702703,CORNER,disagreement,TokenBlocker,FALSE,0,0
FBRef_006944,"player_name: Tobias Lauritsen | positions_position: FW | clubs_club: ""Sparta Rdam""",TM_054725,player_name: tobias storm | positions_position: DR | clubs_club: Lyngby Boldklub,0.727419924,0.386694829,,1,0.010752688,CORNER,disagreement,TokenBlocker,FALSE,0,0
FBRef_000469,"player_name: Anderson Santamaría | positions_position: DF | clubs_club: Atlas, Santos",TM_012425,player_name: anderson | positions_position: DC | clubs_club: Without Club,0.819857303,0.594678931,,1,0.012987013,EASY_POS,EASY_POS,TokenBlocker,TRUE,0,1
FBRef_000192,"player_name: Alan Torres | positions_position: MF | clubs_club: Mazatlán, Guadalajara",TM_054930,player_name: alan murialdo | positions_position: ST | clubs_club: Club Olimpo,0.689412617,0.301178387,,1,0.004975124,CORNER,disagreement,TokenBlocker,FALSE,0,0
FBRef_000488,"player_name: Andreas Bruus | positions_position: DF,FW | clubs_club: Troyes",TM_015316,player_name: andreas gianniotis | positions_position: GK | clubs_club: Kasimpasa,0.700589085,0.326325441,,1,0.007352941,CORNER,disagreement,TokenBlocker,FALSE,0,0
FBRef_000104,player_name: Adil Aouchiche | positions_position: MF | clubs_club: Lorient,TM_045880,player_name: adil aouchiche | positions_position: AMC | clubs_club: Aberdeen FC,0.805656661,0.562727488,,1,0.5,EASY_POS,EASY_POS,TokenBlocker,TRUE,1,1
FBRef_006780,player_name: Tani Oluwaseyi | positions_position: FW | clubs_club: Villarreal,TM_068369,player_name: tani oluwaseyi | positions_position: ST | clubs_club: Villarreal CF,0.838682048,0.637034607,,1,0.5,EASY_POS,EASY_POS,TokenBlocker,FALSE,1,0
FBRef_007266,player_name: Wissam Ben Yedder | positions_position: FW | clubs_club: Monaco,TM_008983,player_name: wissam ben yedder | positions_position: ST | clubs_club: Sakaryaspor,0.795607031,0.54011582,,1,0.5,EASY_POS,EASY_POS,TokenBlocker,TRUE,1,1
FBRef_006645,"player_name: Sofiane Boufal | positions_position: FW,MF, MF | clubs_club: Angers, Union SG",TM_015776,player_name: sofiane boufal | positions_position: AMC | clubs_club: Union Saint-Gilloise,0.855532742,0.674948669,,1,0.5,EASY_POS,EASY_POS,TokenBlocker,TRUE,1,1
FBRef_003062,player_name: Jan Paul van Hecke | positions_position: DF | clubs_club: Brighton,TM_048131,player_name: jan paul van hecke | positions_position: DC | clubs_club: Brighton & Hove Albion,0.89701325,0.768279813,,1,0.166666667,EASY_POS,EASY_POS,TokenBlocker,FALSE,1,0
FBRef_000978,"player_name: Brayann Pereira | positions_position: DF | clubs_club: Auxerre, NEC Nijmegen",TM_049834,player_name: brayann pereira | positions_position: DC | clubs_club: NEC Nijmegen,0.890879344,0.754478523,,1,0.5,EASY_POS,EASY_POS,TokenBlocker,FALSE,1,0
FBRef_005328,player_name: Nick Pope | positions_position: GK | clubs_club: Newcastle Utd,TM_011865,player_name: nick pope | positions_position: GK | clubs_club: Newcastle United,0.924859828,0.830934613,,1,0.5,EASY_POS,EASY_POS,TokenBlocker,FALSE,1,0
FBRef_001392,player_name: Damien Da Silva | positions_position: DF | clubs_club: Lyon,TM_036671,player_name: enrique pereira da silva | positions_position: DR | clubs_club: BFC Dynamo,0.779988944,0.504975124,,1,0.03125,EASY_POS,EASY_POS,TokenBlocker,TRUE,0,1
FBRef_003971,player_name: Kjell Scherpen | positions_position: GK | clubs_club: Vitesse,TM_036385,player_name: kjell scherpen | positions_position: GK | clubs_club: Union Saint-Gilloise,0.91050998,0.798647455,,1,0.5,EASY_POS,EASY_POS,TokenBlocker,TRUE,1,1
FBRef_001377,"player_name: Daan Huisman | positions_position: MF, FW | clubs_club: Vitesse",TM_045392,player_name: daan huisman | positions_position: DM | clubs_club: FC Eindhoven,0.85870551,0.682087399,,1,0.5,EASY_POS,EASY_POS,TokenBlocker,TRUE,1,1
FBRef_004627,player_name: Mario Gila | positions_position: DF | clubs_club: Lazio,TM_047900,player_name: mario gila | positions_position: DC | clubs_club: SS Lazio,0.89515386,0.764096186,,1,0.5,EASY_POS,EASY_POS,TokenBlocker,FALSE,1,0
FBRef_002714,"player_name: Hjalmar Ekdal | positions_position: DF | clubs_club: Burnley, Groningen",TM_030255,player_name: hjalmar ekdal | positions_position: DC | clubs_club: Burnley FC,0.898807955,0.772317898,,1,0.5,EASY_POS,EASY_POS,TokenBlocker,FALSE,1,0
FBRef_007145,"player_name: Vincent Pichel | positions_position: MF,FW | clubs_club: Cambuur",TM_060629,player_name: vincent pichel | positions_position: MC | clubs_club: Be Quick 1887,0.857974125,0.68044178,,1,0.5,EASY_POS,EASY_POS,TokenBlocker,TRUE,0,1
FBRef_000786,"player_name: Ayouba Kosiah | positions_position: FW,DF | clubs_club: Beerschot",TM_049703,player_name: ayouba kosiah | positions_position: ST | clubs_club: Beerschot VA,0.8156949,0.585313526,,1,0.5,EASY_POS,EASY_POS,TokenBlocker,FALSE,1,0
FBRef_001724,player_name: Diogo Costa | positions_position: GK | clubs_club: Porto,TM_030981,player_name: diogo costa | positions_position: GK | clubs_club: FC Porto,0.931786474,0.846519567,,1,0.2,EASY_POS,EASY_POS,TokenBlocker,FALSE,1,0
FBRef_005039,player_name: Miguel Rebelo | positions_position: MF | clubs_club: Moreirense,TM_003434,player_name: miguel rebelo | positions_position: MC | clubs_club: Varzim SC,0.873023298,0.71430242,,1,0.5,EASY_POS,EASY_POS,TokenBlocker,TRUE,1,1
FBRef_001391,player_name: Damian van der Haar | positions_position: DF | clubs_club: Zwolle,TM_046540,player_name: roan van der plaat | positions_position: DL | clubs_club: Without Club,0.829512317,0.616402712,,1,0.011764706,EASY_POS,EASY_POS,TokenBlocker,FALSE,0,0
FBRef_004527,player_name: Manuel Riemann | positions_position: GK | clubs_club: Bochum,TM_033778,player_name: manuel riemann | positions_position: GK | clubs_club: Without Club,0.912343047,0.802771855,,1,0.5,EASY_POS,EASY_POS,TokenBlocker,TRUE,1,1
FBRef_007378,"player_name: Youssef El-Arabi | positions_position: FW,MF | clubs_club: Nantes",TM_068160,player_name: youssef el arabi | positions_position: ST | clubs_club: FC Nantes,0.805785885,0.563018242,,1,0.25,EASY_POS,EASY_POS,TokenBlocker,FALSE,1,0
FBRef_003788,"player_name: Kacper Kostorz | positions_position: FW,MF | clubs_club: NAC Breda",TM_041125,player_name: kacper kostorz | positions_position: ST | clubs_club: Pogon Szczecin,0.798959348,0.547658533,,1,0.5,EASY_POS,EASY_POS,TokenBlocker,TRUE,1,1
FBRef_005270,"player_name: Nathan Markelo | positions_position: DF,MF, DF | clubs_club: Excelsior, Fortuna Sittard",TM_038717,player_name: nathan markelo | positions_position: DR | clubs_club: Vitesse Arnhem,0.848504054,0.659134122,,1,0.5,EASY_POS,EASY_POS,TokenBlocker,TRUE,1,1
FBRef_006199,player_name: Roko Simic | positions_position: FW | clubs_club: Kortrijk,TM_055746,player_name: roko simic | positions_position: ST | clubs_club: Karlsruher SC,0.796173791,0.54139103,,1,0.5,EASY_POS,EASY_POS,TokenBlocker,TRUE,1,1
FBRef_005606,player_name: Oussama Tannane | positions_position: MF | clubs_club: NEC Nijmegen,TM_016023,player_name: oussama tannane | positions_position: AMC | clubs_club: Umm Salal SC,0.785885388,0.518242123,,1,0.5,EASY_POS,EASY_POS,TokenBlocker,TRUE,1,1
FBRef_003662,player_name: Juan Cruz Armada | positions_position: DF | clubs_club: Osasuna,TM_048889,player_name: juan cruz | positions_position: AML | clubs_club: CD Leganés,0.766221801,0.473999052,,1,0.076923077,EASY_POS,EASY_POS,TokenBlocker,TRUE,0,1
FBRef_006072,"player_name: Richard van der Venne | positions_position: MF,FW | clubs_club: RKC Waalwijk",TM_022974,player_name: dennis van der heijden | positions_position: ST | clubs_club: BVV Barendrecht,0.752626957,0.443410652,,1,0.011904762,EASY_POS,EASY_POS,TokenBlocker,TRUE,0,1
FBRef_004528,"player_name: Manuel Ugarte | positions_position: MF | clubs_club: Paris S-G, Manchester Utd, Sporting CP",TM_037176,player_name: manuel ugarte | positions_position: DM | clubs_club: Manchester United,0.80829637,0.568666833,,1,0.5,EASY_POS,EASY_POS,TokenBlocker,FALSE,1,0
FBRef_004480,"player_name: Malick Thiaw | positions_position: DF | clubs_club: Schalke 04, Newcastle Utd, Milan",TM_002145,player_name: malick thiaw | positions_position: ST | clubs_club: UCF Knights (University of Central Florida),0.766426981,0.474460707,,1,0.333333333,EASY_POS,EASY_POS,TokenBlocker,TRUE,0,1
FBRef_003165,player_name: Jean-Paul Boëtius | positions_position: MF | clubs_club: Hertha BSC,TM_038323,player_name: jean paul de jong | positions_position: MC | clubs_club: Retired,0.773770426,0.490983458,,1,0.076923077,EASY_POS,EASY_POS,TokenBlocker,TRUE,0,1
FBRef_005867,player_name: Prosper Peter | positions_position: FW | clubs_club: Angers,TM_004179,player_name: prosper peter | positions_position: ST | clubs_club: Angers SCO,0.783117049,0.51201336,,1,0.5,EASY_POS,EASY_POS,TokenBlocker,TRUE,1,1
FBRef_005172,"player_name: Moritz Broschinski | positions_position: FW,MF, FW | clubs_club: Bochum",TM_033731,player_name: moritz broschinski | positions_position: ST | clubs_club: FC Basel 1893,0.799958288,0.549906147,,1,0.5,EASY_POS,EASY_POS,TokenBlocker,TRUE,1,1
FBRef_003104,player_name: Jasper Schendelaar | positions_position: GK | clubs_club: Zwolle,TM_031339,player_name: jasper schendelaar | positions_position: GK | clubs_club: PEC Zwolle,0.941571603,0.868536107,,1,0.5,EASY_POS,EASY_POS,TokenBlocker,FALSE,1,0
FBRef_003102,player_name: Jasper Cillessen | positions_position: GK | clubs_club: NEC Nijmegen,TM_008915,player_name: jasper cillessen | positions_position: GK | clubs_club: NEC Nijmegen,0.94857363,0.884290668,,1,0.5,EASY_POS,EASY_POS,TokenBlocker,FALSE,1,0
FBRef_004144,player_name: Leonardo Cerri | positions_position: DF | clubs_club: Juventus,TM_051689,player_name: leonardo cerri | positions_position: ST | clubs_club: SSC Bari,0.769512227,0.481402511,,1,0.5,EASY_POS,EASY_POS,TokenBlocker,TRUE,0,1
FBRef_003479,player_name: Jorge Moreno | positions_position: DF | clubs_club: Osasuna,TM_057977,player_name: jorge moreno | positions_position: DC | clubs_club: Cádiz CF,0.841533075,0.64344942,,1,0.5,EASY_POS,EASY_POS,TokenBlocker,TRUE,1,1
FBRef_000582,"player_name: Anouar El Azzouzi | positions_position: MF, MF,DF | clubs_club: Zwolle",TM_000706,player_name: anouar el kamch | positions_position: DM | clubs_club: Ploaghe 1994,0.763788176,0.468523396,,1,0.142857143,EASY_POS,EASY_POS,TokenBlocker,TRUE,0,1
FBRef_006131,"player_name: Roberto de la Rosa | positions_position: FW,MF, FW | clubs_club: Monterrey, Pachuca",TM_054673,player_name: marvin de la cruz | positions_position: DM | clubs_club: Retired,0.793867059,0.536200882,,1,0.020833333,EASY_POS,EASY_POS,TokenBlocker,FALSE,0,0
FBRef_001036,"player_name: Bryan Cristante | positions_position: MF, MF,DF | clubs_club: Roma",TM_012701,player_name: bryan cristante | positions_position: DM | clubs_club: AS Roma,0.828615706,0.614385338,,1,0.5,EASY_POS,EASY_POS,TokenBlocker,FALSE,1,0
FBRef_003099,"player_name: Jason Mbock | positions_position: MF,FW | clubs_club: Angers",TM_036150,player_name: jason mbock | positions_position: AML | clubs_club: FC Rouen 1899,0.846438489,0.6544866,,1,0.5,EASY_POS,EASY_POS,TokenBlocker,TRUE,1,1
FBRef_007119,"player_name: Vicente Besuijen | positions_position: FW,MF | clubs_club: Excelsior",TM_034191,player_name: vicente besuijen | positions_position: AMR | clubs_club: HJK Helsinki,0.807821562,0.567598515,,1,0.5,EASY_POS,EASY_POS,TokenBlocker,TRUE,1,1
FBRef_000263,"player_name: Alessandro Albanese | positions_position: MF,DF | clubs_club: Oostende",TM_033747,player_name: alessandro albanese | positions_position: AML | clubs_club: KF Egnatia,0.838594535,0.636837704,,1,0.5,EASY_POS,EASY_POS,TokenBlocker,TRUE,1,1
FBRef_001524,player_name: Dave Van Den Berg | positions_position: MF | clubs_club: Zwolle,TM_060480,player_name: ben van den brandt | positions_position: MC | clubs_club: Retired,0.791395286,0.530639393,,1,0.022727273,EASY_POS,EASY_POS,TokenBlocker,FALSE,0,0
FBRef_000892,player_name: Bernardo Espinosa | positions_position: DF | clubs_club: Girona,TM_054950,player_name: bernardo espinosa | positions_position: DC | clubs_club: Retired,0.880888121,0.731998272,,1,0.5,EASY_POS,EASY_POS,TokenBlocker,TRUE,1,1
FBRef_005974,player_name: Rav van den Berg | positions_position: DF | clubs_club: Köln,TM_004561,player_name: bas van den brink | positions_position: DC | clubs_club: Retired,0.811060069,0.574885155,,1,0.022727273,EASY_POS,EASY_POS,TokenBlocker,FALSE,0,0
FBRef_001035,player_name: Bryan Colula | positions_position: DF | clubs_club: Mazatlán,TM_029467,player_name: bryan colula | positions_position: DR | clubs_club: Mazatlán FC,0.903512739,0.782903664,,1,0.5,EASY_POS,EASY_POS,TokenBlocker,FALSE,1,0
FBRef_004249,player_name: Luca Kerber | positions_position: MF | clubs_club: Heidenheim,TM_057841,player_name: luca kerber | positions_position: MC | clubs_club: 1.FC Heidenheim 1846,0.89353856,0.76046176,,1,0.5,EASY_POS,EASY_POS,TokenBlocker,FALSE,1,0
FBRef_001105,player_name: Carlos Cuesta | positions_position: DF | clubs_club: Genk,TM_037040,player_name: carlos cuesta | positions_position: DC | clubs_club: Clube de Regatas Vasco da Gama,0.869952233,0.707392525,,1,0.5,EASY_POS,EASY_POS,TokenBlocker,TRUE,1,1
FBRef_002627,"player_name: Halil Akbunar | positions_position: MF,FW | clubs_club: Westerlo",TM_017339,player_name: halil akbunar | positions_position: AMR | clubs_club: Eyüpspor,0.843692479,0.648308077,,1,0.5,EASY_POS,EASY_POS,TokenBlocker,TRUE,1,1
FBRef_004267,player_name: Luca de la Torre | positions_position: MF | clubs_club: Celta Vigo,TM_042647,player_name: diego de la torre | positions_position: MC | clubs_club: Retired,0.836263537,0.631592958,,1,0.021276596,EASY_POS,EASY_POS,TokenBlocker,FALSE,0,0
FBRef_004632,"player_name: Mario Lemina | positions_position: MF, MF,DF | clubs_club: Nice, Wolves",TM_013483,player_name: mario lemina | positions_position: DM | clubs_club: Galatasaray,0.850157827,0.662855111,,1,0.5,EASY_POS,EASY_POS,TokenBlocker,TRUE,1,1
FBRef_002803,player_name: Ignace Van Der Brempt | positions_position: DF | clubs_club: Como,TM_017589,player_name: kenny van der weg | positions_position: DL | clubs_club: Retired,0.754411881,0.447426732,,1,0.011904762,EASY_POS,EASY_POS,TokenBlocker,FALSE,0,0
FBRef_005782,"player_name: Pedro Santos | positions_position: FW,MF, MF | clubs_club: Arouca, Braga, Moreirense",TM_015396,player_name: pedro santos | positions_position: DC | clubs_club: Retired,0.777582985,0.499561715,,1,0.142857143,EASY_POS,EASY_POS,TokenBlocker,TRUE,0,1
FBRef_007442,"player_name: Zito Luvumbo | positions_position: FW,MF, MF,DF | clubs_club: Cagliari",TM_056153,player_name: zito luvumbo | positions_position: ST | clubs_club: Cagliari Calcio,0.825760088,0.607960199,,1,0.5,EASY_POS,EASY_POS,TokenBlocker,FALSE,1,0
FBRef_001718,player_name: Dimitry Bertaud | positions_position: GK | clubs_club: Montpellier,TM_032162,player_name: dimitry bertaud | positions_position: GK | clubs_club: Without Club,0.904501064,0.785127393,,1,0.5,EASY_POS,EASY_POS,TokenBlocker,TRUE,1,1
FBRef_005152,"player_name: Mohammed Salisu | positions_position: DF | clubs_club: Southampton, Monaco",TM_045363,player_name: mohammed salisu | positions_position: DC | clubs_club: AS Monaco,0.861337089,0.688008451,,1,0.5,EASY_POS,EASY_POS,TokenBlocker,FALSE,1,0
FBRef_000415,"player_name: Amadou Dante | positions_position: DF,MF | clubs_club: Arouca",TM_055158,player_name: amadou dante | positions_position: DL | clubs_club: FC Arouca,0.883692648,0.738308458,,1,0.5,EASY_POS,EASY_POS,TokenBlocker,FALSE,1,0
FBRef_002655,player_name: Harrison Reed | positions_position: MF | clubs_club: Fulham,TM_015327,player_name: harrison reed | positions_position: MC | clubs_club: Fulham FC,0.903883108,0.783736993,,1,0.5,EASY_POS,EASY_POS,TokenBlocker,FALSE,1,0
FBRef_000498,player_name: Andreas Samaris | positions_position: MF | clubs_club: Rio Ave,TM_008267,player_name: andreas samaris | positions_position: DM | clubs_club: Without Club,0.776538553,0.497211743,,1,0.5,EASY_POS,EASY_POS,TokenBlocker,TRUE,1,1
FBRef_001391,player_name: Damian van der Haar | positions_position: DF | clubs_club: Zwolle,TM_003122,player_name: aleksander van der spa | positions_position: DC | clubs_club: Sandefjord Fotball,0.813783248,0.581012308,,1,0.011764706,EASY_POS,EASY_POS,TokenBlocker,FALSE,0,0
FBRef_000220,player_name: Alberto costa | positions_position: DF | clubs_club: Vitória,TM_065421,player_name: alberto costa | positions_position: DR | clubs_club: FC Porto,0.879815412,0.729584677,,1,0.5,EASY_POS,EASY_POS,TokenBlocker,TRUE,1,1
FBRef_001756,"player_name: Djevencio van der Kust | positions_position: DF | clubs_club: Beerschot, Utrecht, ""Sparta Rdam""",TM_026008,player_name: jeroen van der lely | positions_position: DR | clubs_club: Retired,0.815322768,0.584476229,,1,0.011904762,EASY_POS,EASY_POS,TokenBlocker,FALSE,0,0
FBRef_007431,player_name: Zeno Van den Bosch | positions_position: DF | clubs_club: Antwerp,TM_024755,player_name: bryan van den bogaert | positions_position: DL | clubs_club: RFC Knokke,0.819000237,0.592750533,,1,0.022727273,EASY_POS,EASY_POS,TokenBlocker,FALSE,0,0
FBRef_001936,player_name: Emil Krafth | positions_position: DF | clubs_club: Newcastle Utd,TM_011088,player_name: emil krafth | positions_position: DR | clubs_club: Newcastle United,0.902633298,0.780924921,,1,0.5,EASY_POS,EASY_POS,TokenBlocker,FALSE,1,0
FBRef_004338,player_name: Luis Amarilla | positions_position: FW | clubs_club: Mazatlán,TM_025045,player_name: luis amarilla | positions_position: ST | clubs_club: Club Cerro Porteño,0.774408627,0.49241941,,1,0.5,EASY_POS,EASY_POS,TokenBlocker,TRUE,1,1
FBRef_001777,player_name: Dominic Sadi | positions_position: FW | clubs_club: Bournemouth,TM_062743,player_name: dominic sadi | positions_position: AMR | clubs_club: AFC Bournemouth U21,0.822114712,0.599758102,,1,0.5,EASY_POS,EASY_POS,TokenBlocker,FALSE,1,0
FBRef_002318,player_name: Franco Di Santo | positions_position: FW | clubs_club: Tijuana,TM_046336,player_name: franco di santo | positions_position: ST | clubs_club: Retired,0.787320014,0.521470031,,1,0.333333333,EASY_POS,EASY_POS,TokenBlocker,TRUE,1,1
FBRef_006384,"player_name: Samu Costa | positions_position: MF | clubs_club: Almería, Mallorca",TM_055661,player_name: samu costa | positions_position: DM | clubs_club: RCD Mallorca,0.800846891,0.551905505,,1,0.5,EASY_POS,EASY_POS,TokenBlocker,FALSE,1,0
FBRef_000818,"player_name: Bart Verbruggen | positions_position: GK | clubs_club: Brighton, Anderlecht",TM_045452,player_name: bart verbruggen | positions_position: GK | clubs_club: Brighton & Hove Albion,0.927281489,0.836383351,,1,0.5,EASY_POS,EASY_POS,TokenBlocker,FALSE,1,0
FBRef_001567,"player_name: David de Gea | positions_position: GK | clubs_club: Manchester Utd, Fiorentina",TM_056285,player_name: david de la vibora | positions_position: DL | clubs_club: Marshall Thundering Herd (Marshall University),0.755859038,0.450682835,,1,0.083333333,EASY_POS,EASY_POS,TokenBlocker,FALSE,0,0
FBRef_002473,player_name: Gianluca Pegolo | positions_position: GK | clubs_club: Sassuolo,TM_014530,player_name: gianluca pegolo | positions_position: GK | clubs_club: Retired,0.883545237,0.737976783,,1,0.5,EASY_POS,EASY_POS,TokenBlocker,TRUE,1,1
FBRef_004478,"player_name: Malick Fofana | positions_position: FW, DF,MF, DF,FW | clubs_club: Lyon, Gent",TM_059621,player_name: malick fofana | positions_position: AML | clubs_club: Olympique Lyon,0.843290807,0.647404316,,1,0.5,EASY_POS,EASY_POS,TokenBlocker,TRUE,1,1
FBRef_001568,player_name: David van der Werff | positions_position: MF | clubs_club: Groningen,TM_039831,player_name: ignace van der brempt | positions_position: DR | clubs_club: Como 1907,0.709854074,0.347171667,,1,0.011764706,CORNER,disagreement,TokenBlocker,FALSE,0,0
FBRef_003679,player_name: Juan Manuel Boselli | positions_position: FW | clubs_club: Gil Vicente FC,TM_052039,player_name: juan manuel olivares | positions_position: AMC | clubs_club: Club Deportivo Morón,0.749703169,0.43683213,,1,0.066666667,CORNER,disagreement,TokenBlocker,TRUE,0,1
FBRef_006869,player_name: Thomas van den Belt | positions_position: MF | clubs_club: Feyenoord,TM_049879,player_name: bas van den eynden | positions_position: DC | clubs_club: Beerschot VA,0.741791368,0.419030578,,1,0.022222222,CORNER,disagreement,TokenBlocker,FALSE,0,0
FBRef_005938,player_name: Ramiro Funes Mori | positions_position: DF | clubs_club: Cruz Azul,TM_004759,player_name: rogelio funes mori | positions_position: ST | clubs_club: Club León FC,0.72030913,0.370695542,,1,0.25,CORNER,disagreement,TokenBlocker,TRUE,0,1
FBRef_002803,player_name: Ignace Van Der Brempt | positions_position: DF | clubs_club: Como,TM_012769,player_name: nick van der westerlaken | positions_position: ST | clubs_club: Retired,0.706014089,0.3385317,,1,0.011904762,CORNER,disagreement,TokenBlocker,FALSE,0,0
FBRef_003684,player_name: Juan Pablo Segovia | positions_position: DF | clubs_club: Necaxa,TM_064861,player_name: juan pablo salomen | positions_position: GK | clubs_club: Jove Español San Vicente,0.740740741,0.416666667,,1,0.041666667,CORNER,disagreement,TokenBlocker,FALSE,0,0
FBRef_007431,player_name: Zeno Van den Bosch | positions_position: DF | clubs_club: Antwerp,TM_031345,player_name: davy van den berg | positions_position: MC | clubs_club: FC Utrecht,0.688564646,0.299270454,,1,0.022727273,CORNER,disagreement,TokenBlocker,FALSE,0,0
FBRef_006520,"player_name: Sepp van den Berg | positions_position: DF | clubs_club: Mainz 05, Schalke 04, Brentford",TM_009351,player_name: kevin van den noortgaete | positions_position: GK | clubs_club: KRC Gent,0.708208123,0.343468276,,1,0.022727273,CORNER,disagreement,TokenBlocker,FALSE,0,0
FBRef_000910,"player_name: Bilal El Khannouss | positions_position: MF | clubs_club: Stuttgart, Genk",TM_047415,player_name: bilal el hajjam | positions_position: AMR | clubs_club: US Lusitanos Saint-Maur,0.727701497,0.387328369,,1,0.25,CORNER,disagreement,TokenBlocker,TRUE,0,1
FBRef_004267,player_name: Luca de la Torre | positions_position: MF | clubs_club: Celta Vigo,TM_032656,player_name: luca de feo | positions_position: DM | clubs_club: Without Club,0.733010034,0.399272577,,1,0.023809524,CORNER,disagreement,TokenBlocker,TRUE,0,1
FBRef_001370,player_name: César de la Hoz | positions_position: MF | clubs_club: Almería,TM_042650,player_name: manuel de la torre | positions_position: DL | clubs_club: Retired,0.714864829,0.358445866,,1,0.023809524,CORNER,disagreement,TokenBlocker,TRUE,0,1
FBRef_006606,"player_name: Silvester van der Water | positions_position: FW,MF | clubs_club: RKC Waalwijk, Zwolle, Cambuur",TM_062577,player_name: jim van der logt | positions_position: DR | clubs_club: FC Twente Enschede U21,0.744663725,0.425493382,,1,0.011904762,CORNER,disagreement,TokenBlocker,FALSE,0,0
FBRef_002235,"player_name: Florent da Silva | positions_position: MF | clubs_club: Volendam, RWDM",TM_002509,player_name: vragel da silva | positions_position: DR | clubs_club: Retired,0.717577337,0.364549008,,1,0.03125,CORNER,disagreement,TokenBlocker,FALSE,0,0
FBRef_006520,"player_name: Sepp van den Berg | positions_position: DF | clubs_club: Mainz 05, Schalke 04, Brentford",TM_016692,player_name: branco van den boomen | positions_position: MC | clubs_club: Ajax Amsterdam,0.726610346,0.384873279,,1,0.022727273,CORNER,disagreement,TokenBlocker,FALSE,0,0
FBRef_005069,player_name: Mike van der Hoorn | positions_position: DF | clubs_club: Utrecht,TM_031561,player_name: raimond van der gouw | positions_position: GK | clubs_club: Retired,0.737933708,0.410350843,,1,0.011363636,CORNER,disagreement,TokenBlocker,FALSE,0,0
FBRef_005537,"player_name: Omar El Hilali | positions_position: DF,MF, DF | clubs_club: Espanyol",TM_056246,player_name: youns el hilali | positions_position: ST | clubs_club: Without Club,0.726499776,0.384624497,,1,0.166666667,CORNER,disagreement,TokenBlocker,TRUE,0,1
FBRef_002608,player_name: Gustavo da Silva | positions_position: FW | clubs_club: Vitória,TM_029826,player_name: paulo da silva | positions_position: DC | clubs_club: Retired,0.73455474,0.402748164,,1,0.03125,CORNER,disagreement,TokenBlocker,TRUE,0,1
FBRef_005974,player_name: Rav van den Berg | positions_position: DF | clubs_club: Köln,TM_047638,player_name: joep van den ouweland | positions_position: MC | clubs_club: Retired,0.693262882,0.309841485,,1,0.022727273,CORNER,disagreement,TokenBlocker,FALSE,0,0
FBRef_006595,"player_name: Siebe Van Der Heyden | positions_position: DF | clubs_club: Union SG, Mallorca",TM_028865,player_name: richard van der venne | positions_position: AMC | clubs_club: RKC Waalwijk,0.706353594,0.339295586,,1,0.011904762,CORNER,disagreement,TokenBlocker,FALSE,0,0
FBRef_001568,player_name: David van der Werff | positions_position: MF | clubs_club: Groningen,TM_049702,player_name: djevencio van der kust | positions_position: DL | clubs_club: Heracles Almelo,0.694777203,0.313248708,,1,0.011764706,CORNER,disagreement,TokenBlocker,FALSE,0,0
FBRef_005477,"player_name: Nuno da Costa | positions_position: FW,MF | clubs_club: Auxerre",TM_013657,player_name: david da costa | positions_position: GK | clubs_club: Retired,0.708514813,0.344158329,,1,0.052631579,CORNER,disagreement,TokenBlocker,TRUE,0,1
FBRef_004267,player_name: Luca de la Torre | positions_position: MF | clubs_club: Celta Vigo,TM_015840,player_name: angel de la calzada | positions_position: GK | clubs_club: Xerez CD,0.727110064,0.385997643,,1,0.02173913,CORNER,disagreement,TokenBlocker,TRUE,0,1
FBRef_005772,player_name: Pedro Manuel da Silva Moreira | positions_position: MF | clubs_club: Arouca,TM_068379,player_name: flavio da silva | positions_position: AMC | clubs_club: RFC Lüttich,0.677606395,0.274614389,,1,0.03030303,CORNER,disagreement,TokenBlocker,TRUE,0,1
FBRef_004158,"player_name: Leonardo da Silva Lopes | positions_position: MF, MF,DF | clubs_club: Gent, Cercle Brugge",TM_052179,player_name: da silva | positions_position: ST | clubs_club: Joinville Esporte Clube (SC),0.705242416,0.336795435,,1,0.03125,CORNER,disagreement,TokenBlocker,TRUE,0,1
FBRef_002697,player_name: Hernán De La Fuente | positions_position: DF | clubs_club: Famalicão,TM_003509,player_name: david de la iglesia | positions_position: MC | clubs_club: RC Celta Fortuna,0.656876437,0.227971982,,1,0.023809524,CORNER,uncertainty,TokenBlocker,TRUE,0,1
FBRef_000418,player_name: Amadou Haidara | positions_position: MF | clubs_club: RB Leipzig,TM_033312,player_name: amadou haidara | positions_position: MC | clubs_club: RB Leipzig,0.878964964,0.727671168,,1,0.5,EASY_POS,EASY_POS,TokenBlocker,FALSE,1,0
FBRef_005974,player_name: Rav van den Berg | positions_position: DF | clubs_club: Köln,TM_024755,player_name: bryan van den bogaert | positions_position: DL | clubs_club: RFC Knokke,0.804108274,0.559243617,,1,0.022727273,EASY_POS,EASY_POS,TokenBlocker,FALSE,0,0
FBRef_005069,player_name: Mike van der Hoorn | positions_position: DF | clubs_club: Utrecht,TM_061200,player_name: sebastiaan van der sman | positions_position: GK | clubs_club: RKHVV Huissen,0.69904831,0.322858697,,1,0.011363636,CORNER,disagreement,TokenBlocker,FALSE,0,0
FBRef_002453,player_name: Gernot Trauner | positions_position: DF | clubs_club: Feyenoord,TM_049337,player_name: gernot trauner | positions_position: DC | clubs_club: Feyenoord Rotterdam,0.902780722,0.781256624,,1,0.5,EASY_POS,EASY_POS,TokenBlocker,FALSE,1,0
FBRef_004551,player_name: Marcel Schuhen | positions_position: GK | clubs_club: Darmstadt 98,TM_062689,player_name: marcel schuhen | positions_position: GK | clubs_club: SV Darmstadt 98,0.942930848,0.871594409,,1,0.5,EASY_POS,EASY_POS,TokenBlocker,FALSE,1,0
FBRef_002235,"player_name: Florent da Silva | positions_position: MF | clubs_club: Volendam, RWDM",TM_013297,player_name: dany da silva | positions_position: GK | clubs_club: FC Stade-Lausanne-Ouchy,0.73109911,0.394972997,,1,0.03125,CORNER,disagreement,TokenBlocker,TRUE,0,1
FBRef_000973,"player_name: Brandon Soppy | positions_position: DF | clubs_club: Udinese, Torino, Atalanta",TM_044113,player_name: brandon soppy | positions_position: MR | clubs_club: FC Lausanne-Sport,0.798618271,0.54689111,,1,0.5,EASY_POS,EASY_POS,TokenBlocker,TRUE,1,1
FBRef_006131,"player_name: Roberto de la Rosa | positions_position: FW,MF, FW | clubs_club: Monterrey, Pachuca",TM_037392,player_name: miguel de la fuente | positions_position: ST | clubs_club: CD Leganés,0.693061657,0.309388729,,1,0.020833333,CORNER,disagreement,TokenBlocker,TRUE,0,1
FBRef_005229,player_name: Myron van Brederode | positions_position: FW | clubs_club: AZ Alkmaar,TM_055235,player_name: myron van brederode | positions_position: AML | clubs_club: KV Mechelen,0.802641938,0.555944361,,1,0.5,EASY_POS,EASY_POS,TokenBlocker,TRUE,1,1
FBRef_005218,"player_name: Munir El Haddadi | positions_position: MF,FW, FW | clubs_club: Getafe, Las Palmas",TM_014954,player_name: munir el haddadi | positions_position: AMR | clubs_club: Esteghlal FC,0.843665272,0.648246861,,1,0.25,EASY_POS,EASY_POS,TokenBlocker,TRUE,1,1
FBRef_003054,player_name: Jamiro Monteiro | positions_position: MF | clubs_club: Zwolle,TM_019591,player_name: jamiro monteiro | positions_position: MC | clubs_club: PEC Zwolle,0.90831671,0.793712596,,1,0.5,EASY_POS,EASY_POS,TokenBlocker,FALSE,1,0
FBRef_005732,player_name: Paulo Gazzaniga | positions_position: GK | clubs_club: Girona,TM_012251,player_name: paulo gazzaniga | positions_position: GK | clubs_club: Girona FC,0.942417542,0.870439469,,1,0.5,EASY_POS,EASY_POS,TokenBlocker,FALSE,1,0
FBRef_001930,"player_name: Emil Audero | positions_position: GK | clubs_club: Inter, Sampdoria, Cremonese",TM_018034,player_name: emil audero | positions_position: GK | clubs_club: US Cremonese,0.909184902,0.79566603,,1,0.5,EASY_POS,EASY_POS,TokenBlocker,TRUE,1,1
FBRef_004243,player_name: Luca Caldirola | positions_position: DF | clubs_club: Monza,TM_065807,player_name: luca caldirola | positions_position: DC | clubs_club: Without Club,0.87306852,0.71440417,,1,0.5,EASY_POS,EASY_POS,TokenBlocker,TRUE,1,1
FBRef_003517,"player_name: Josh Wilson-Esbrand | positions_position: DF,MF | clubs_club: Reims",TM_048123,player_name: josh wilson esbrand | positions_position: DL | clubs_club: Radomiak Radom,0.854143235,0.67182228,,1,0.5,EASY_POS,EASY_POS,TokenBlocker,TRUE,1,1
FBRef_005344,"player_name: Nicola Zalewski | positions_position: DF, DF,FW | clubs_club: Roma, Atalanta",TM_044371,player_name: nicola zalewski | positions_position: ML | clubs_club: Atalanta BC,0.814628956,0.58291515,,1,0.5,EASY_POS,EASY_POS,TokenBlocker,FALSE,1,0
FBRef_007113,player_name: Vedat Muriqi | positions_position: FW | clubs_club: Mallorca,TM_018031,player_name: vedat muriqi | positions_position: ST | clubs_club: RCD Mallorca,0.822369633,0.600331675,,1,0.5,EASY_POS,EASY_POS,TokenBlocker,FALSE,1,0
FBRef_005067,player_name: Mike van Beijnen | positions_position: DF | clubs_club: Fortuna Sittard,TM_012125,player_name: mike van den ban | positions_position: AMR | clubs_club: Retired,0.7732334,0.48977515,,1,0.05,EASY_POS,EASY_POS,TokenBlocker,FALSE,0,0
FBRef_000613,"player_name: Antoine Colassin | positions_position: FW,MF, FW | clubs_club: Heerenveen, Beerschot, Anderlecht",TM_037909,player_name: antoine colassin | positions_position: ST | clubs_club: Royal Charleroi SC,0.799701189,0.549327676,,1,0.5,EASY_POS,EASY_POS,TokenBlocker,TRUE,1,1
FBRef_002870,player_name: Isaac Hayden | positions_position: MF | clubs_club: Standard Liège,TM_016871,player_name: isaac hayden | positions_position: DM | clubs_club: Queens Park Rangers,0.801468154,0.553303345,,1,0.5,EASY_POS,EASY_POS,TokenBlocker,TRUE,1,1
FBRef_006008,"player_name: Reda Belahyane | positions_position: MF | clubs_club: Hellas Verona, Lazio, Nice",TM_068764,player_name: reda belahyane | positions_position: DM | clubs_club: SS Lazio,0.799306277,0.548439123,,1,0.5,EASY_POS,EASY_POS,TokenBlocker,TRUE,1,1
FBRef_006692,"player_name: Stefano Turati | positions_position: GK | clubs_club: Sassuolo, Frosinone",TM_043927,player_name: stefano turati | positions_position: GK | clubs_club: US Sassuolo,0.914532298,0.80769767,,1,0.5,EASY_POS,EASY_POS,TokenBlocker,FALSE,1,0
FBRef_001391,player_name: Damian van der Haar | positions_position: DF | clubs_club: Zwolle,TM_059552,player_name: sep van der heijden | positions_position: GK | clubs_club: MVV Maastricht,0.701485484,0.328342339,,1,0.011764706,CORNER,disagreement,TokenBlocker,FALSE,0,0
FBRef_001128,"player_name: Carlos Robles | positions_position: MF, DF | clubs_club: Atlas",TM_040624,player_name: carlos robles | positions_position: DC | clubs_club: Atlas Guadalajara,0.824287312,0.604646451,,1,0.5,EASY_POS,EASY_POS,TokenBlocker,FALSE,1,0
FBRef_000141,player_name: Adrián de la Fuente | positions_position: DF | clubs_club: Levante,TM_045891,player_name: fernando de la fuente | positions_position: DM | clubs_club: Retired,0.805034975,0.561328695,,1,0.024390244,EASY_POS,EASY_POS,TokenBlocker,TRUE,0,1
FBRef_001877,player_name: El Hadji Malick Diouf | positions_position: DF | clubs_club: West Ham,TM_013273,player_name: el hadji ba | positions_position: MC | clubs_club: Without Club,0.731336104,0.395506235,,1,0.166666667,CORNER,disagreement,TokenBlocker,TRUE,0,1
FBRef_001825,"player_name: Edan Diop | positions_position: MF,DF, DF,FW | clubs_club: Monaco",TM_059769,player_name: edan diop | positions_position: MC | clubs_club: Cercle Brugge,0.843049709,0.646861845,,1,0.5,EASY_POS,EASY_POS,TokenBlocker,TRUE,1,1
FBRef_001391,player_name: Damian van der Haar | positions_position: DF | clubs_club: Zwolle,TM_014402,player_name: brecht van der beke | positions_position: MC | clubs_club: Without Club,0.70316061,0.332111373,,1,0.011764706,CORNER,disagreement,TokenBlocker,FALSE,0,0
FBRef_002286,"player_name: Francis Coquelin | positions_position: MF | clubs_club: Villarreal, Nantes",TM_060059,player_name: francis coquelin | positions_position: DM | clubs_club: FC Nantes,0.798415331,0.546434494,,1,0.5,EASY_POS,EASY_POS,TokenBlocker,FALSE,1,0
FBRef_003192,"player_name: Jens Toornstra | positions_position: MF,FW, MF, MF,DF | clubs_club: Utrecht, Feyenoord",TM_004747,player_name: jens toornstra | positions_position: AMC | clubs_club: Sparta Rotterdam,0.843216378,0.64723685,,1,0.5,EASY_POS,EASY_POS,TokenBlocker,TRUE,1,1
FBRef_006568,"player_name: Shavy Babicka | positions_position: FW,MF | clubs_club: Toulouse",TM_064248,player_name: shavy babicka | positions_position: AMR | clubs_club: Red Star Belgrade,0.78820017,0.523450381,,1,0.5,EASY_POS,EASY_POS,TokenBlocker,TRUE,1,1
FBRef_005974,player_name: Rav van den Berg | positions_position: DF | clubs_club: Köln,TM_034179,player_name: thomas van den belt | positions_position: DM | clubs_club: Twente Enschede FC,0.835409902,0.629672279,,1,0.022727273,EASY_POS,EASY_POS,TokenBlocker,FALSE,0,0
FBRef_005390,"player_name: Nigel Thomas | positions_position: FW,MF | clubs_club: Nacional, Paços de Ferreira",TM_034183,player_name: nigel thomas | positions_position: AML | clubs_club: ADO Den Haag,0.793747313,0.535931454,,1,0.5,EASY_POS,EASY_POS,TokenBlocker,TRUE,1,1
FBRef_005253,"player_name: Nadir Zortea | positions_position: DF,MF, DF | clubs_club: Sassuolo, Frosinone, Bologna, Atalanta",TM_030402,player_name: nadir zortea | positions_position: DR | clubs_club: Bologna FC 1909,0.857182573,0.67866079,,1,0.5,EASY_POS,EASY_POS,TokenBlocker,TRUE,1,1
FBRef_007324,"player_name: Yannik Keitel | positions_position: MF, DF,MF | clubs_club: Freiburg",TM_022086,player_name: yannik keitel | positions_position: DM | clubs_club: VfB Stuttgart,0.855487857,0.674847679,,1,0.5,EASY_POS,EASY_POS,TokenBlocker,TRUE,1,1
FBRef_002665,"player_name: Harvey Elliott | positions_position: MF,FW | clubs_club: Aston Villa, Liverpool",TM_045509,player_name: harvey elliott | positions_position: AMC | clubs_club: Aston Villa,0.885587933,0.74257285,,1,0.5,EASY_POS,EASY_POS,TokenBlocker,FALSE,1,0
FBRef_002788,player_name: Ibrahima Diallo | positions_position: MF | clubs_club: Southampton,TM_034194,player_name: ibrahima diallo | positions_position: DM | clubs_club: Al-Ahli SC,0.773749744,0.490936924,,1,0.333333333,EASY_POS,EASY_POS,TokenBlocker,TRUE,1,1
FBRef_005016,"player_name: Mickey van der Hart | positions_position: GK | clubs_club: Heerenveen, Emmen",TM_039059,player_name: jan arie van der heijden | positions_position: DC | clubs_club: Retired,0.737307607,0.408942116,,1,0.011904762,CORNER,disagreement,TokenBlocker,FALSE,0,0
FBRef_002419,player_name: Gedeon Kalulu | positions_position: DF | clubs_club: Lorient,TM_032601,player_name: gedeon kalulu | positions_position: DR | clubs_club: Aris Limassol,0.867210549,0.701223735,,1,0.5,EASY_POS,EASY_POS,TokenBlocker,TRUE,1,1
FBRef_003314,player_name: Joe White | positions_position: MF | clubs_club: Newcastle Utd,TM_047585,player_name: joe white | positions_position: AMC | clubs_club: Leyton Orient,0.792417643,0.532939697,,1,0.5,EASY_POS,EASY_POS,TokenBlocker,TRUE,1,1
FBRef_003658,"player_name: Juan Brunetta | positions_position: MF,FW, MF | clubs_club: UANL, Santos",TM_036592,player_name: juan brunetta | positions_position: AMC | clubs_club: Tigres UANL,0.845274834,0.651868378,,1,0.5,EASY_POS,EASY_POS,TokenBlocker,FALSE,1,0
FBRef_004279,"player_name: Lucas Chevalier | positions_position: GK | clubs_club: Paris S-G, Lille",TM_036387,player_name: lucas chevalier | positions_position: GK | clubs_club: Paris Saint-Germain,0.938205041,0.860961342,,1,0.5,EASY_POS,EASY_POS,TokenBlocker,FALSE,1,0
FBRef_002440,"player_name: Gerald Kilota | positions_position: DF,MF | clubs_club: Seraing",TM_019566,player_name: gerald kilota | positions_position: DL | clubs_club: Without Club,0.856029782,0.676067009,,1,0.5,EASY_POS,EASY_POS,TokenBlocker,TRUE,1,1
FBRef_005016,"player_name: Mickey van der Hart | positions_position: GK | clubs_club: Heerenveen, Emmen",TM_031561,player_name: raimond van der gouw | positions_position: GK | clubs_club: Retired,0.839008443,0.637768997,,1,0.011904762,EASY_POS,EASY_POS,TokenBlocker,TRUE,0,1
FBRef_006072,"player_name: Richard van der Venne | positions_position: MF,FW | clubs_club: RKC Waalwijk",TM_048426,player_name: owen van der vlag | positions_position: GK | clubs_club: Without Club,0.716621037,0.362397333,,1,0.011904762,CORNER,disagreement,TokenBlocker,TRUE,0,1
FBRef_002973,player_name: Jack Stacey | positions_position: DF | clubs_club: Bournemouth,TM_020840,player_name: jack stacey | positions_position: DR | clubs_club: Norwich City,0.870254308,0.708072193,,1,0.5,EASY_POS,EASY_POS,TokenBlocker,TRUE,1,1
FBRef_001589,"player_name: Dayann Methalie | positions_position: MF,DF | clubs_club: Toulouse",TM_007840,player_name: dayann methalie | positions_position: DC | clubs_club: FC Toulouse,0.830343233,0.618272275,,1,0.5,EASY_POS,EASY_POS,TokenBlocker,FALSE,1,0
FBRef_006231,"player_name: Ronaldo Prieto | positions_position: DF,MF, DF | clubs_club: Santos",TM_046442,player_name: ronaldo prieto | positions_position: MC | clubs_club: Santos Laguna,0.888527786,0.749187518,,1,0.5,EASY_POS,EASY_POS,TokenBlocker,FALSE,1,0
FBRef_000843,player_name: Ben Davies | positions_position: DF | clubs_club: Tottenham,TM_011959,player_name: ben davies | positions_position: DC | clubs_club: Tottenham Hotspur,0.897202441,0.768705492,,1,0.25,EASY_POS,EASY_POS,TokenBlocker,FALSE,1,0
FBRef_007323,player_name: Yannik Engelhardt | positions_position: MF | clubs_club: Gladbach,TM_033611,player_name: yannik engelhardt | positions_position: DM | clubs_club: Borussia Mönchengladbach,0.800338488,0.550761598,,1,0.5,EASY_POS,EASY_POS,TokenBlocker,FALSE,1,0
FBRef_002803,player_name: Ignace Van Der Brempt | positions_position: DF | clubs_club: Como,TM_035994,player_name: bjorn van der doelen | positions_position: MC | clubs_club: Retired,0.660112138,0.23525231,,1,0.011904762,CORNER,disagreement,TokenBlocker,TRUE,0,1
FBRef_006515,player_name: Senna Miangue | positions_position: DF | clubs_club: Cercle Brugge,TM_020872,player_name: senna miangue | positions_position: DC | clubs_club: Without Club,0.867342166,0.701519873,,1,0.5,EASY_POS,EASY_POS,TokenBlocker,FALSE,1,0
FBRef_003148,"player_name: Jean Felipe | positions_position: MF,DF | clubs_club: Estrela",TM_018009,player_name: jean felipe | positions_position: DR | clubs_club: FC Felgueiras 1932,0.797738899,0.544912523,,1,0.5,EASY_POS,EASY_POS,TokenBlocker,TRUE,1,1
FBRef_000416,player_name: Amadou Diallo | positions_position: MF | clubs_club: Newcastle Utd,TM_069060,player_name: amadou diallo | positions_position: AMR | clubs_club: Oud-Heverlee Leuven U23,0.758834063,0.457376642,,1,0.166666667,EASY_POS,EASY_POS,TokenBlocker,TRUE,1,1
FBRef_002641,player_name: Hannes Van der Bruggen | positions_position: MF | clubs_club: Cercle Brugge,TM_005896,player_name: sven van der jeugt | positions_position: GK | clubs_club: Retired,0.766076562,0.473672265,,1,0.011764706,EASY_POS,EASY_POS,TokenBlocker,TRUE,0,1
FBRef_007431,player_name: Zeno Van den Bosch | positions_position: DF | clubs_club: Antwerp,TM_016692,player_name: branco van den boomen | positions_position: MC | clubs_club: Ajax Amsterdam,0.726179109,0.383902996,,1,0.022727273,CORNER,disagreement,TokenBlocker,TRUE,0,1
FBRef_002803,player_name: Ignace Van Der Brempt | positions_position: DF | clubs_club: Como,TM_060179,player_name: stijn van der kelen | positions_position: GK | clubs_club: WIK Eine,0.694498823,0.312622352,,1,0.011764706,CORNER,disagreement,TokenBlocker,TRUE,0,1
FBRef_006966,player_name: Tom van de Looi | positions_position: MF | clubs_club: Famalicão,TM_036002,player_name: tom van der leegte | positions_position: DM | clubs_club: Retired,0.762186343,0.464919271,,1,0.027777778,EASY_POS,EASY_POS,TokenBlocker,TRUE,0,1
FBRef_002926,player_name: Ivan Pavlic | positions_position: MF | clubs_club: Estoril,TM_058088,player_name: ivan pavlic | positions_position: MC | clubs_club: Union Saint-Gilloise,0.869847492,0.707156856,,1,0.5,EASY_POS,EASY_POS,TokenBlocker,TRUE,1,1
FBRef_003227,player_name: Jesse van de Haar | positions_position: FW | clubs_club: Utrecht,TM_059251,player_name: emmanuel van de blaak | positions_position: DC | clubs_club: Without Club,0.746685186,0.430041668,,1,0.037037037,CORNER,disagreement,TokenBlocker,TRUE,0,1
FBRef_004656,player_name: Mark van der Maarel | positions_position: DF | clubs_club: Utrecht,TM_017589,player_name: kenny van der weg | positions_position: DL | clubs_club: Retired,0.837553195,0.634494689,,1,0.011764706,EASY_POS,EASY_POS,TokenBlocker,TRUE,0,1
FBRef_001701,"player_name: Diego van Oorschot | positions_position: MF,FW | clubs_club: Heracles Almelo",TM_068049,player_name: diego van zutphen | positions_position: DC | clubs_club: VVV-Venlo,0.764717707,0.47061484,,1,0.25,EASY_POS,EASY_POS,TokenBlocker,TRUE,0,1
FBRef_006643,player_name: Smail Prevljak | positions_position: FW | clubs_club: Eupen,TM_025972,player_name: smail prevljak | positions_position: ST | clubs_club: NK Istra 1961,0.774917301,0.493563926,,1,0.5,EASY_POS,EASY_POS,TokenBlocker,TRUE,1,1
FBRef_000292,"player_name: Alex Iwobi | positions_position: MF,FW, FW,MF, MF | clubs_club: Everton, Fulham",TM_020333,player_name: alex iwobi | positions_position: AML | clubs_club: Fulham FC,0.824749708,0.605686844,,1,0.5,EASY_POS,EASY_POS,TokenBlocker,FALSE,1,0
FBRef_004990,"player_name: Michael Verrips | positions_position: GK | clubs_club: Dender, Fortuna Sittard, Groningen",TM_024535,player_name: michael verrips | positions_position: GK | clubs_club: FCV Dender EH,0.914578475,0.80780157,,1,0.5,EASY_POS,EASY_POS,TokenBlocker,FALSE,1,0
FBRef_004942,"player_name: Mayckel Lahdo | positions_position: MF,FW, FW | clubs_club: AZ Alkmaar, Nantes",TM_056994,player_name: mayckel lahdo | positions_position: AMR | clubs_club: FC Nantes,0.849111517,0.660500914,,1,0.5,EASY_POS,EASY_POS,TokenBlocker,FALSE,1,0
FBRef_006557,player_name: Sergio Villarreal | positions_position: DF | clubs_club: Monterrey,TM_043640,player_name: sergio villarreal | positions_position: DR | clubs_club: Without Club,0.866954263,0.700647091,,1,0.5,EASY_POS,EASY_POS,TokenBlocker,TRUE,1,1
FBRef_004335,player_name: Luis Abram | positions_position: DF | clubs_club: Cruz Azul,TM_026156,player_name: luis abram | positions_position: DC | clubs_club: Club Sporting Cristal,0.861644958,0.688701155,,1,0.5,EASY_POS,EASY_POS,TokenBlocker,TRUE,1,1
FBRef_003665,"player_name: Juan David Castro | positions_position: MF,FW | clubs_club: Atlético",TM_057435,player_name: juan david angulo | positions_position: ST | clubs_club: Tampico Madero,0.730816675,0.394337518,,1,0.166666667,CORNER,disagreement,TokenBlocker,FALSE,0,0
FBRef_002480,player_name: Gideon Mensah | positions_position: DF | clubs_club: Auxerre,TM_032837,player_name: gideon mensah | positions_position: DL | clubs_club: AJ Auxerre,0.903598815,0.783097334,,1,0.333333333,EASY_POS,EASY_POS,TokenBlocker,FALSE,1,0
FBRef_007331,player_name: Yassin Ayoub | positions_position: MF | clubs_club: Excelsior,TM_014414,player_name: yassin ayoub | positions_position: MC | clubs_club: Without Club,0.865855906,0.698175788,,1,0.5,EASY_POS,EASY_POS,TokenBlocker,TRUE,1,1
FBRef_005637,player_name: Pablo Monroy | positions_position: DF | clubs_club: UNAM,TM_057019,player_name: pablo monroy | positions_position: DR | clubs_club: Retired,0.807628524,0.567164179,,1,0.333333333,EASY_POS,EASY_POS,TokenBlocker,TRUE,1,1
FBRef_003365,player_name: Jon Martin | positions_position: DF | clubs_club: Real Sociedad,TM_000571,player_name: jon martin | positions_position: DC | clubs_club: Real Sociedad,0.903445734,0.782752902,,1,0.5,EASY_POS,EASY_POS,TokenBlocker,FALSE,1,0
FBRef_004590,"player_name: Marco Richter | positions_position: MF,FW | clubs_club: Mainz 05, Hertha BSC",TM_023625,player_name: marco richter | positions_position: AMC | clubs_club: SV Darmstadt 98,0.850962526,0.664665683,,1,0.5,EASY_POS,EASY_POS,TokenBlocker,TRUE,1,1
FBRef_002426,"player_name: Geoffry Hairemans | positions_position: MF,FW, FW,MF | clubs_club: Mechelen",TM_004152,player_name: geoffry hairemans | positions_position: AMR | clubs_club: Royal Antwerp FC,0.852024502,0.667055131,,1,0.5,EASY_POS,EASY_POS,TokenBlocker,TRUE,1,1
FBRef_003660,player_name: Juan Carlos | positions_position: GK | clubs_club: Girona,TM_063811,player_name: juan carlos pontones | positions_position: AMR | clubs_club: UCAM Murcia CF,0.772560957,0.488262152,,1,0.03030303,EASY_POS,EASY_POS,TokenBlocker,TRUE,0,1
FBRef_006520,"player_name: Sepp van den Berg | positions_position: DF | clubs_club: Mainz 05, Schalke 04, Brentford",TM_024755,player_name: bryan van den bogaert | positions_position: DL | clubs_club: RFC Knokke,0.782442566,0.510495773,,1,0.022727273,EASY_POS,EASY_POS,TokenBlocker,TRUE,0,1
FBRef_006546,"player_name: Sergio De los Ríos | positions_position: MF,DF, MF, FW | clubs_club: América, Pachuca",TM_067118,player_name: samu de los reyes | positions_position: DL | clubs_club: Retired,0.747478581,0.431826806,,1,0.2,CORNER,disagreement,TokenBlocker,TRUE,0,1
FBRef_007018,"player_name: Trent Alexander-Arnold | positions_position: DF | clubs_club: Liverpool, Real Madrid",TM_009650,player_name: alexander arnold mezan | positions_position: DR | clubs_club: Retired,0.793629256,0.535665827,,1,0.333333333,EASY_POS,EASY_POS,TokenBlocker,TRUE,0,1
FBRef_002697,player_name: Hernán De La Fuente | positions_position: DF | clubs_club: Famalicão,TM_042650,player_name: manuel de la torre | positions_position: DL | clubs_club: Retired,0.774645754,0.492952946,,1,0.023809524,EASY_POS,EASY_POS,TokenBlocker,TRUE,0,1
FBRef_006787,"player_name: Tatsuhiro Sakamoto | positions_position: MF,DF | clubs_club: Oostende",TM_047823,player_name: tatsuhiro sakamoto | positions_position: MR | clubs_club: Coventry City,0.867923913,0.702828805,,1,0.5,EASY_POS,EASY_POS,TokenBlocker,TRUE,1,1
FBRef_001807,player_name: Dylan Collard | positions_position: DF | clubs_club: Marítimo,TM_058466,player_name: dylan collard | positions_position: DC | clubs_club: Lusitânia FC Lourosa,0.872037324,0.71208398,,1,0.5,EASY_POS,EASY_POS,TokenBlocker,TRUE,1,1
FBRef_002704,player_name: Hidde Jurjus | positions_position: GK | clubs_club: Groningen,TM_017691,player_name: hidde jurjus | positions_position: GK | clubs_club: FC Groningen,0.930884299,0.844489673,,1,0.5,EASY_POS,EASY_POS,TokenBlocker,FALSE,1,0
FBRef_000346,"player_name: Alexis Mac Allister | positions_position: MF | clubs_club: Brighton, Liverpool",TM_037866,player_name: francis mac allister | positions_position: DM | clubs_club: Instituto ACC,0.763066882,0.466900484,,1,0.2,EASY_POS,EASY_POS,TokenBlocker,TRUE,0,1
FBRef_004232,"player_name: Lovro Majer | positions_position: MF,FW, MF | clubs_club: Rennes, Wolfsburg",TM_029735,player_name: lovro majer | positions_position: AMC | clubs_club: VfL Wolfsburg,0.86287016,0.691457861,,1,0.5,EASY_POS,EASY_POS,TokenBlocker,FALSE,1,0
FBRef_000782,"player_name: Aymen Sliti | positions_position: FW,MF | clubs_club: Feyenoord",TM_060824,player_name: aymen sliti | positions_position: AML | clubs_club: Feyenoord Rotterdam,0.820378878,0.595852476,,1,0.5,EASY_POS,EASY_POS,TokenBlocker,FALSE,1,0
FBRef_001756,"player_name: Djevencio van der Kust | positions_position: DF | clubs_club: Beerschot, Utrecht, ""Sparta Rdam""",TM_035994,player_name: bjorn van der doelen | positions_position: MC | clubs_club: Retired,0.705489278,0.337350875,,1,0.011904762,CORNER,disagreement,TokenBlocker,TRUE,0,1
FBRef_002235,"player_name: Florent da Silva | positions_position: MF | clubs_club: Volendam, RWDM",TM_028644,player_name: pierre da silva | positions_position: AML | clubs_club: Cusco FC,0.731738135,0.396410803,,1,0.03125,CORNER,disagreement,TokenBlocker,TRUE,0,1
FBRef_002718,player_name: Houboulang Mendes | positions_position: DF | clubs_club: Almería,TM_038014,player_name: houboulang mendes | positions_position: DR | clubs_club: Fortuna Sittard,0.884468105,0.740053235,,1,0.5,EASY_POS,EASY_POS,TokenBlocker,TRUE,1,1
FBRef_001344,"player_name: Crysencio Summerville | positions_position: FW,MF, FW | clubs_club: West Ham, Leeds United",TM_037047,player_name: crysencio summerville | positions_position: AML | clubs_club: West Ham United,0.875743197,0.720422192,,1,0.5,EASY_POS,EASY_POS,TokenBlocker,FALSE,1,0
FBRef_006869,player_name: Thomas van den Belt | positions_position: MF | clubs_club: Feyenoord,TM_018911,player_name: rick stuy van den herik | positions_position: DM | clubs_club: VV Sliedrecht,0.732635811,0.398430575,,1,0.022222222,CORNER,disagreement,TokenBlocker,TRUE,0,1
FBRef_002164,"player_name: Ferdi Kadioglu | positions_position: DF,FW | clubs_club: Brighton",TM_031912,player_name: ferdi kadioglu | positions_position: DL | clubs_club: Brighton & Hove Albion,0.887990543,0.747978721,,1,0.5,EASY_POS,EASY_POS,TokenBlocker,FALSE,1,0
FBRef_001986,player_name: Enzo Loiodice | positions_position: MF | clubs_club: Las Palmas,TM_048611,player_name: enzo loiodice | positions_position: MC | clubs_club: UD Las Palmas,0.899306884,0.77344049,,1,0.5,EASY_POS,EASY_POS,TokenBlocker,FALSE,1,0
FBRef_001562,player_name: David Sousa | positions_position: DF | clubs_club: RWDM,TM_056507,player_name: david sousa | positions_position: AMC | clubs_club: Retired,0.739125441,0.413032241,,1,0.333333333,CORNER,disagreement,TokenBlocker,TRUE,1,1
FBRef_007278,player_name: Woyo Coulibaly | positions_position: DF | clubs_club: Sassuolo,TM_049440,player_name: woyo coulibaly | positions_position: DR | clubs_club: US Sassuolo,0.902416728,0.780437639,,1,0.5,EASY_POS,EASY_POS,TokenBlocker,FALSE,1,0
FBRef_005974,player_name: Rav van den Berg | positions_position: DF | clubs_club: Köln,TM_043726,player_name: sepp van den berg | positions_position: DC | clubs_club: Brentford FC,0.849092821,0.660458847,,1,0.022727273,EASY_POS,EASY_POS,TokenBlocker,TRUE,0,1
FBRef_001973,"player_name: Enock Mwepu | positions_position: FW,MF | clubs_club: Brighton",TM_039813,player_name: enock mwepu | positions_position: MC | clubs_club: Retired,0.796115622,0.541260149,,1,0.5,EASY_POS,EASY_POS,TokenBlocker,TRUE,1,1
FBRef_004656,player_name: Mark van der Maarel | positions_position: DF | clubs_club: Utrecht,TM_011350,player_name: mike van der hoorn | positions_position: DC | clubs_club: FC Utrecht,0.846743599,0.655173098,,1,0.011494253,EASY_POS,EASY_POS,TokenBlocker,TRUE,0,1
FBRef_004794,"player_name: Mathieu Cafaro | positions_position: FW,MF | clubs_club: Paris FC",TM_033059,player_name: mathieu cafaro | positions_position: AMR | clubs_club: Paris FC,0.835110163,0.628997868,,1,0.5,EASY_POS,EASY_POS,TokenBlocker,FALSE,1,0
FBRef_001148,player_name: Casper Widell | positions_position: DF | clubs_club: Excelsior,TM_046903,player_name: casper widell | positions_position: DC | clubs_club: Excelsior Rotterdam,0.901849278,0.779160876,,1,0.5,EASY_POS,EASY_POS,TokenBlocker,FALSE,1,0
FBRef_005656,player_name: Papa Amadou Diallo | positions_position: FW | clubs_club: Metz,TM_004090,player_name: papa amadou diallo | positions_position: AML | clubs_club: Norwich City,0.742978231,0.421701019,,1,0.166666667,CORNER,disagreement,TokenBlocker,TRUE,1,1
FBRef_001203,,TM_000023,,,,,,,,,,FALSE,0,0
FBRef_002367,,TM_034935,,,,,,,,,,FALSE,0,0
FBRef_002709,,TM_035834,,,,,,,,,,FALSE,0,0
FBRef_003977,,TM_048986,,,,,,,,,,FALSE,0,0
